시설ID,시설명,서비스분류코드,서비스분류,자치구코드,자치구명,연령구분코드,연령구분,X좌표값,Y좌표값,우편번호,기본주소,상세주소,연락처,사용료,학기시작시간,학기종료시간,방학시작시간,방학종료시간,토요일운영여부,토요일운영시작시간,토요일운영종료시간,설립일,수정일시
JN220301,친구네지역아동센터,1003,지역아동센터,11110,종로구,1003,초등학생,,,,,,02-745-0794,,,,,,N,,,2022.3.5 16:55,
KC220201,함사람지역아동센터,1003,지역아동센터,11545,금천구,1003,초등학생,,,,,,02-805-7283,,,,,,N,,,2022.2.4 16:55,
GB220104,돌산공부방지역아동센터,1003,지역아동센터,11305,강북구,1003,초등학생,127.02267,37.61885,1201,서울특별시 강북구 솔샘로 272,(미아동) (미아동),02-986-2882,0,1300,2130,,,N,,,2022.1.18 16:55,2022.2.28 16:05
DJ220103,상도푸른지역아동센터,1003,지역아동센터,11590,동작구,1003,초등학생,126.94571,37.49831,7035,서울특별시 동작구 양녕로28길 35, (상도동),02-825-9111,0,1100,2100,,,N,,,2022.1.13 16:55,2022.2.28 16:07
SC220101,서초지역아동센터,1003,지역아동센터,11650,서초구,1003,초등학생,,,,,,02-522-9526,,,,,,N,,,2022.1.12 17:09,
SC220102,하나복지지역아동센터,1003,지역아동센터,11650,서초구,1003,초등학생,,,,,,02-523-0153,,,,,,N,,,2022.1.12 17:09,
GB220101,늘품,1003,지역아동센터,11305,강북구,1003,초등학생,127.0103,37.64431,1015,서울특별시 강북구 인수봉로77길 7,2층 (수유동),02-6487-7942,0,1000,1900,1000,1900,N,,,2022.1.12 17:09,2022.2.28 16:57
GB220102,으뜸,1003,지역아동센터,11305,강북구,1003,초등학생,127.01478,37.64658,1029,서울특별시 강북구 삼양로 487,2층 (수유동),02-918-0865,0,900,2000,900,2000,Y,900,2000,2022.1.12 17:09,2022.2.28 16:41
DJ220102,위더스틴즈지역아동센터,1003,지역아동센터,11590,동작구,1003,초등학생,126.94135,37.50393,6966,서울특별시 동작구 장승배기로10가길 124,2층 (상도동),070-4848-3067,0,1200,2200,,,N,,,2022.1.11 17:08,2022.2.28 16:22
DJ220101,위더스지역아동센터,1003,지역아동센터,11590,동작구,1003,초등학생,126.93973,37.50418,6963,서울특별시 동작구 장승배기로10가길 1, (상도동),02-815-5229,0,1100,2100,,,N,,,2022.1.11 17:08,2022.2.28 16:19
SP220101,해밀지역아동센터,1003,지역아동센터,11710,송파구,1005,초중생,127.14212,37.50133,5731,서울특별시 송파구 문정로 259,401호 (오금동),02-401-1557,0,1030,1930,,,N,,,2022.1.8 17:18,2022.2.28 16:47
GS220105,경향지역아동센터,1003,지역아동센터,11500,강서구,1003,초등학생,126.8517,37.55719,7590,서울특별시 강서구 화곡로63길 19,경향교회 교육관 3층 (등촌동),02-3664-1516,,1100,2100,1000,2000,N,,,2022.1.7 17:18,2022.1.17 16:32
GS220104,화곡지역아동센터,1003,지역아동센터,11500,강서구,1003,초등학생,126.8591,37.53274,7738,서울특별시 강서구 등촌로5길 79, (화곡동),02-2651-1353,0,900,2100,900,2100,Y,900,1800,2022.1.7 17:18,2022.2.28 16:54
GS220103,큰미래지역아동센터,1003,지역아동센터,11500,강서구,1003,초등학생,126.81375,37.5641,7616,서울특별시 강서구 방화대로23길 49-5,1층 (공항동),02-6487-8292,0,1000,2100,1000,2100,Y,1000,1600,2022.1.6 17:25,2022.2.28 16:46
YC220101,아름드리지역아동센터,1003,지역아동센터,11470,양천구,1003,초등학생,,,,,,02-2643-1296,,,,,,N,,,2022.1.6 17:25,
SD220102,조이스터디,1003,지역아동센터,11200,성동구,1003,초등학생,,,,,,02-2282-5694,,,,,,N,,,2022.1.6 17:25,
GS220102,꿈나무학교지역아동센터,1003,지역아동센터,11500,강서구,1003,초등학생,126.83984,37.53727,7762,서울특별시 강서구 가로공원로 214-1,원신빌딩 2층 (화곡동),02-2690-3341,0,1000,1900,1000,1900,N,,,2022.1.4 17:16,2022.2.28 14:47
GS220101,위캔지역아동센터,1003,지역아동센터,11500,강서구,1003,초등학생,126.84674,37.54433,7677,서울특별시 강서구 까치산로12길 8-16,4층 (화곡동),02-2690-0157,0,1000,2100,1000,2100,N,1000,1900,2022.1.4 17:16,2022.2.28 16:26
GA211201,꿈나무공부방 지역아동센터,1003,지역아동센터,11620,관악구,1003,초등학생,126.91644,37.4637,8859,서울특별시 관악구 난향12길 26, (신림동),02)- 868-3117,,1200,2100,1200,2100,N,,,2021.12.16 17:05,
GD211103,구립고덕2동청소년지역아동센터,1003,지역아동센터,11740,강동구,1003,초등학생,,,,,,02-441-5423,,,,,,N,,,2021.11.9 16:55,
EP211001,보물섬지역아동센터,1003,지역아동센터,11380,은평구,1003,초등학생,126.90667,37.60968,3428,서울특별시 은평구 갈현로15길 46,102호 (구산동 명남빌라트),02-388-0145,,1000,1900,,,N,,,2021.10.13 16:55,
JR211001,서울지역아동센터,1003,지역아동센터,11260,중랑구,1003,초등학생,127.08578,37.58975,2146,서울특별시 중랑구 겸재로35길 38, (면목동),02-432-9004,,900,2200,,,N,,,2021.10.1 16:55,
KC210905,나누리지역아동센터,1003,지역아동센터,11545,금천구,1003,초등학생,126.90892,37.4531,8574,서울특별시 금천구 금하로23길 40,2층 (시흥동),02-892-0109,,1100,2100,,,Y,,,2021.9.9 16:55,
KC210902,금천미래지역아동센터,1003,지역아동센터,11545,금천구,1003,초등학생,126.8973,37.4752,8531,서울특별시 금천구 시흥대로151길 12,2층 (독산동),02-854-9442,,1200,2200,,,N,,,2021.9.8 16:55,
GA210903,참좋은 지역아동센터,1003,지역아동센터,11620,관악구,1003,초등학생,126.91711,37.47621,8849,서울특별시 관악구 난우길 41,2층 (신림동),02-857-7355,,1000,2100,1000,2100,N,,,2021.9.4 16:55,
GA210902,민영지역아동센터,1003,지역아동센터,11620,관악구,1003,초등학생,126.91704,37.47666,8849,서울특별시 관악구 난우길 45,2층 (신림동),02-830-7355,,1000,2100,1000,2100,N,,,2021.9.4 16:55,
GA210901,양지 지역아동센터,1003,지역아동센터,11620,관악구,1003,초등학생,126.9389,37.48393,8756,서울특별시 관악구 남부순환로 1695,2층 (봉천동),02-877-6130,0,1000,1900,1000,1900,Y,1000,1500,2021.9.2 16:55,
YC210901,물댄동산목동지역아동센터,1003,지역아동센터,11470,양천구,1003,초등학생,126.86453,37.50778,8104,서울특별시 양천구 목동남로2길 21,2층 (신정동),02-2062-6377,0,1000,1930,,,Y,,,2021.9.1 16:55,
SB210901,마고네지역아동센터,1003,지역아동센터,11290,성북구,1003,초등학생,127.00669,37.59263,2834,서울특별시 성북구 성북로8길 65,1동 1층 101호 (성북동 성북하이츠빌라) (성북동 성북하이츠빌라),02-765-2770,0,1100,1900,,,N,,,2021.9.1 16:55,
GA210805,물댄동산난곡 지역아동센터,1003,지역아동센터,11620,관악구,1003,초등학생,126.91517,37.47753,8864,서울특별시 관악구 난곡로 263,3층 (신림동),02-858-2486,0,1000,1900,1030,1830,Y,1100,1600,2021.8.31 16:55,
GA210803,관악청소년 지역아동센터,1003,지역아동센터,11620,관악구,1003,초등학생,126.91111,37.48042,8770,서울특별시 관악구 난곡로63길 65,3층 (신림동),02-859-6357,0,1200,2100,1100,2000,Y,1100,1700,2021.8.31 16:55,
GD210802,암사지역아동센터,1003,지역아동센터,11740,강동구,1003,초등학생,127.13806,37.55589,5236,서울특별시 강동구 고덕로27길 28, (암사동),02-481-9711,,1000,1900,,,N,,,2021.8.6 16:55,
GS210703,발음지역아동센터,1003,지역아동센터,11500,강서구,1003,초등학생,126.83419,37.55092,7638,서울특별시 강서구 강서로47다길 41, (내발산동),02-2663-1373,,1000,2100,1000,2030,N,,,2021.7.2 16:55,2021.8.19 15:11
GB210601,마을속작은학교,1003,지역아동센터,11305,강북구,1003,초등학생,127.01805,37.64425,1040,서울특별시 강북구 삼양로118길 33,(수유동),02-903-6678,0,1000,2100,,,N,,,2021.6.5 16:55,
KC210604,금나래지역아동센터,1003,지역아동센터,11545,금천구,1003,초등학생,126.89402,37.46756,8586,서울특별시 금천구 범안로17길 23, (독산동),02-803-7979,0,1100,2000,,,Y,1000,1500,2021.6.3 16:55,
KC210602,독산1동지역아동센터,1003,지역아동센터,11545,금천구,1003,초등학생,126.88962,37.46264,8596,서울특별시 금천구 벚꽃로 73,306호 (독산동 금천현대아파트),02-6677-1112,0,1000,1900,,,N,,,2021.6.3 16:55,
JR210601,참사랑지역아동센터,1003,지역아동센터,11260,중랑구,1003,초등학생,127.090597,37.5819573,2212,서울특별시 중랑구 면목로48길 56, (면목동),02-493-0009,0,1000,1900,,,N,,,2021.6.1 16:55,
SM210602,주원지역아동센터,1003,지역아동센터,11410,서대문구,1003,초등학생,126.94752,37.58661,3632,서울특별시 서대문구 홍제원6길 4, (홍제동),02-396-4483,0,1000,1900,,,Y,1000,1900,2021.6.1 16:55,
JR210502,참이랑지역아동센터,1003,지역아동센터,11260,중랑구,1003,초등학생,127.08785,37.59981,2082,서울특별시 중랑구 상봉중앙로1길 78, 2층,02-433-3131,0,1000,1900,,,N,,,2021.5.29 16:55,
EP210518,행복한지역아동센터,1003,지역아동센터,11380,은평구,1003,초등학생,126.9155,37.60274,3418,서울특별시 은평구 연서로 39,2층3층 (역촌동),02-386-3246,0,1000,2000,,,N,,,2021.5.26 16:55,2021.6.1 9:29
EP210509,꿈이있는푸른학교지역아동센터,1003,지역아동센터,11380,은평구,1003,초등학생,126.91971,37.58729,3479,서울특별시 은평구 응암로12길 27,2 3층 (응암동),02-382-1496,,,,,,N,,,2021.5.26 16:55,2021.5.28 17:08
EP210510,공립벧엘지역아동센터,1003,지역아동센터,11380,은평구,1003,초등학생,126.91664,37.60438,3402,서울특별시 은평구 연서로6길 7,3층 (역촌동),02-351-3790,0,900,2200,,,N,,,2021.5.26 16:55,2021.5.31 16:34
EP210505,이레지역아동센터,1003,지역아동센터,11380,은평구,1003,초등학생,126.91558,37.60227,3421,서울특별시 은평구 연서로 35,4층 (역촌동),02-355-8680,,1000,1900,,,N,,,2021.5.26 16:55,2021.6.1 9:33
EP210501,동방지역아동센터,1003,지역아동센터,11380,은평구,1003,초등학생,126.90999,37.6006,3435,서울특별시 은평구 갈현로 29,신사코아 202 204호 (신사동 신사코아아파트),02-382-9387,0,1030,1930,,,N,,,2021.5.26 16:55,2021.6.1 9:30
EP210504,은광지역아동센터,1003,지역아동센터,11380,은평구,1003,초등학생,126.93064,37.60631,3376,서울특별시 은평구 녹번로 55, (녹번동),02-355-6184,0,1000,2200,,,N,,,2021.5.26 16:55,2021.6.1 9:35
YS210501,생명나무 지역아동센터,1003,지역아동센터,11170,용산구,1003,초등학생,126.95806,37.54105,4319,서울특별시 용산구 백범로43길 2,지1층 (효창동),02-719-5120,0,1000,1900,1000,1900,N,,,2021.5.26 16:55,
SM210501,신일지역아동센터,1003,지역아동센터,11410,서대문구,1003,초등학생,126.9591,37.56564,3746,서울특별시 서대문구 독립문로8길 107, (천연동),070-8268-8822,0,1000,1900,,,N,,,2021.5.26 16:55,
YF210501,쪼물왕국지역아동센터,1003,지역아동센터,11560,영등포구,1003,초등학생,126.89561,37.53888,7206,서울특별시 영등포구 선유로53길 34-14,(양평동4가) 1층 (양평동4가),02-6408-7205,,1400,1900,,,N,,,2021.5.26 16:55,
GA210501,성산교회부설 한우리 지역아동센터,1003,지역아동센터,11620,관악구,1003,초등학생,126.96435,37.4733,8797,서울특별시 관악구 낙성대역14가길 7,교육관2층 (봉천동),02-884-1026,0,1100,2000,1100,2000,N,,,2021.5.22 16:55,
GJ210501,행복한지역아동센터,1003,지역아동센터,11215,광진구,1003,초등학생,127.08881,37.54665,4976,서울특별시 광진구 광나루로37길 43,1층 (구의동),02-454-8891,0,1030,1930,1030,1930,N,,,2021.5.5 16:55,2021.6.1 9:29
GA210401,은천 지역아동센터,1003,지역아동센터,11620,관악구,1003,초등학생,126.92102,37.48838,8703,서울특별시 관악구 관천로 119,2층 (신림동),02-839-1405,0,1300,2200,1100,2200,Y,1100,1400,2021.4.29 16:55,
GD210403,밝은미래지역아동센터,1003,지역아동센터,11740,강동구,1003,초등학생,127.12963,37.55103,5263,서울특별시 강동구 올림픽로98길 25,3층 (암사동),02-442-0518,,,,,,N,,,2021.4.27 16:55,
NW210401,구립노원청소년지역아동센터,1003,지역아동센터,11350,노원구,1003,초등학생,127.0759,37.66017,1715,서울특별시 노원구 덕릉로86길 5, (중계동),02-938-7971,,,,,,N,,,2021.4.9 16:55,
GA210303,보라매 지역아동센터,1003,지역아동센터,11620,관악구,1003,초등학생,126.92893,37.49091,8710,서울특별시 관악구 당곡길 36,대성빌딩 4층 401호 (봉천동),02-889-0247,0,1030,1930,1030,1930,Y,1000,1500,2021.3.26 16:55,
GA210306,꿈마을 지역아동센터,1003,지역아동센터,11620,관악구,1003,초등학생,126.94709,37.48579,8747,서울특별시 관악구 양녕로 42,2층 (봉천동),02-871-4905,0,1100,2100,1000,2100,N,,,2021.3.26 16:55,
GA210305,비전교실 지역아동센터,1003,지역아동센터,11620,관악구,1003,초등학생,126.9607,37.48459,8735,서울특별시 관악구 관악로30길 40,봉천우성아파트 제2상가 3층 (봉천동 봉천우성아파트),02-882-7204,0,1000,2000,1000,2000,N,,,2021.3.26 16:55,
GA210304,꿈둥지지역아동센터,1003,지역아동센터,11620,관악구,1003,초등학생,126.94439,37.47963,8785,서울특별시 관악구 쑥고개로 71,2층 (봉천동),02-888-9045,0,1000,2100,1000,2100,N,,,2021.3.26 16:55,
GA210302,광동 지역아동센터,1003,지역아동센터,11620,관악구,1003,초등학생,126.96081,37.47926,8742,서울특별시 관악구 행운2길 31,교육관 2층 (봉천동),02-875-8555,0,1100,2100,1000,2100,N,,,2021.3.26 16:55,2021.8.19 15:13
GD210304,돋움지역아동센터,1003,지역아동센터,11740,강동구,1003,초등학생,127.15255,37.55906,5227,서울특별시 강동구 동남로81길 82, (고덕동),02-6081-5252,0,1000,1900,,,N,,,2021.3.22 16:55,
GB210302,송중동지역아동센터,1003,지역아동센터,11305,강북구,1003,초등학생,127.03324,37.61382,1218,서울특별시 강북구 오패산로31길 14, (미아동),02-988-1255,0,1130,2030,1130,2030,N,,,2021.3.22 16:55,2021.11.2 15:14
GB210304,울림사회적협동조합하늘씨앗지역아동센터,1003,지역아동센터,11305,강북구,1003,초등학생,127.01868,37.62543,1127,서울특별시 강북구 삼양로 246,3층 (미아동),02-981-7891,0,1000,2000,1000,2000,N,,,2021.3.22 16:55,2021.11.2 15:19
GB210305,울림사회적협동조합 독립문지역아동센터,1003,지역아동센터,11305,강북구,1003,초등학생,127.03027,37.63449,1134,서울특별시 강북구 덕릉로 40길 14,(번동),02-994-3152,0,1130,2030,1130,2030,N,,,2021.3.22 16:55,2021.11.8 13:40
GB210307,강북지역아동센터,1003,지역아동센터,11305,강북구,1003,초등학생,127.01759,37.64426,1040,서울특별시 강북구 삼양로118길 27, (수유동),070-7404-1747,0,1200,2100,,,N,,,2021.3.22 16:55,
GS210303,함께꿈꾸는지역아동센터,1003,지역아동센터,11500,강서구,1003,초등학생,126.84405,37.55894,7591,서울특별시 강서구 강서로 56길 96,3층 (등촌동),02-2658-0734,,,,,,N,,,2021.3.22 16:55,
GJ210302,경희지역아동센터,1003,지역아동센터,11215,광진구,1003,초등학생,127.08045,37.5657,4907,서울특별시 광진구 긴고랑로7길 54,1층 (중곡동),02-463-7032,0,1000,1900,1000,1900,N,1000,1500,2021.3.22 16:55,2021.10.28 15:09
GR210302,누리지역아동센터,1003,지역아동센터,11530,구로구,1003,초등학생,126.88642,37.48724,8319,서울특별시 구로구 구로동로8길 31,4층(구로동) (구로동),02-866-3157,0,1100,2000,,,N,,,2021.3.22 16:55,
GR210305,꿈나래지역아동센터,1003,지역아동센터,11530,구로구,1003,초등학생,126.84066,37.49696,8269,서울특별시 구로구 고척로6길 29,3층(오류동) (오류동),02-3666-0102,0,1000,1900,,,Y,1000,1900,2021.3.22 16:55,
GR210306,해피지역아동센터,1003,지역아동센터,11530,구로구,1003,초등학생,126.83972,37.49644,8254,서울특별시 구로구 고척로 19,303호(오류동 한백고은아파트) (오류동 한백고은아파트),02-6369-2556,0,1000,1900,,,N,,,2021.3.22 16:55,
GR210308,메이지역아동센터,1003,지역아동센터,11530,구로구,1003,초등학생,126.89365,37.49527,8303,서울특별시 구로구 구로중앙로18길 68,3동 105호(구로동 신구로현대아파트) (구로동 신구로현대아파트),02-855-8808,0,1000,1900,,,N,,,2021.3.22 16:55,
GR210309,은혜지역아동센터,1003,지역아동센터,11530,구로구,1003,초등학생,126.85656,37.505,8228,서울특별시 구로구 고척로52길 9,양우A.P.T 101동 상가 201호(고척동) (고척동 양우아파트),02-2681-8946,0,1000,1900,,,N,,,2021.3.22 16:55,
KC210302,하늘지역아동센터,1003,지역아동센터,11545,금천구,1003,초등학생,126.90495,37.47616,8552,서울특별시 금천구 문성로 12,2층 (독산동),02-837-2305,0,1000,2200,,,N,,,2021.3.22 16:55,
KC210303,안수인지역아동센터,1003,지역아동센터,11545,금천구,1003,초등학생,126.90429,37.44186,8652,서울특별시 금천구 시흥대로26길 9,2층 (시흥동),02-892-4359,0,1000,1900,,,N,,,2021.3.22 16:55,
KC210304,금천행복한지역아동센터,1003,지역아동센터,11545,금천구,1003,초등학생,126.90513,37.45797,8625,서울특별시 금천구 독산로 119,3층 (시흥동),02-895-9561,0,1000,1900,,,N,,,2021.3.22 16:55,
KC210306,사랑의지역아동센터,1003,지역아동센터,11545,금천구,1003,초등학생,126.8997,37.46454,8617,서울특별시 금천구 시흥대로104길 36, (독산동) 3층,02-893-1112,0,1100,2200,,,N,,,2021.3.22 16:55,
KC210307,아이들세상지역아동센터,1003,지역아동센터,11545,금천구,1003,초등학생,126.90336,37.46409,8562,서울특별시 금천구 독산로 190, (독산동),02-806-2954,0,1000,1930,,,N,,,2021.3.22 16:55,
KC210308,세림지역아동센터,1003,지역아동센터,11545,금천구,1003,초등학생,126.90363,37.45354,8628,서울특별시 금천구 금하로 658, (시흥동),02-809-0004,0,1000,1900,,,N,,,2021.3.22 16:55,
KC210305,푸른샘지역아동센터,1003,지역아동센터,11545,금천구,1003,초등학생,126.90565,37.44946,8649,서울특별시 금천구 독산로 24,2층 (시흥동),02-896-1489,0,1100,2000,,,Y,1030,1630,2021.3.22 16:55,
SP210301,푸른솔지역아동센터,1003,지역아동센터,11710,송파구,1003,초등학생,127.11342,37.53525,5525,서울특별시 송파구 풍성로 6,2 (풍납동),02-6014-0075,0,1000,1900,1000,1900,N,,,2021.3.22 16:55,
GJ210303,한사랑지역아동센터,1003,지역아동센터,11215,광진구,1003,초등학생,127.07271,37.55513,5000,서울특별시 광진구 동일로54길 20,1층 (군자동),02-499-0971,0,1000,2000,1000,1900,N,1000,1400,2021.3.22 16:55,2021.10.28 14:52
DJ210308,흑석희망지역아동센터,1003,지역아동센터,11590,동작구,1003,초등학생,126.96606,37.50763,6904,서울특별시 동작구 현충로 111,402호 (흑석동),070-8666-8032,0,1100,2200,,,N,,,2021.3.22 16:55,
SB210303,성광지역아동센터,1003,지역아동센터,11290,성북구,1003,초등학생,127.0103,37.61382,2711,서울특별시 성북구 보국문로16길 87, (정릉동),02-911-4207,0,1100,1900,,,N,,,2021.3.22 16:55,
DM210304,한마음지역아동센터,1003,지역아동센터,11230,동대문구,1003,초등학생,127.04831,37.58472,2487,서울특별시 동대문구 왕산로45길 31, (청량리동),02-964-0008,0,1000,1900,1000,1900,N,,,2021.3.22 16:55,
GR210301,구로파랑새나눔터공부방지역아동센터,1003,지역아동센터,11530,구로구,1003,초등학생,126.88463,37.49483,8285,서울특별시 구로구 구로동로38길 32,3층(구로동) (구로동),02-838-5679,0,1030,2000,,,N,,,2021.3.22 16:55,
DJ210309,생각의숲지역아동센터,1003,지역아동센터,11590,동작구,1003,초등학생,126.93782,37.50089,6961,서울특별시 동작구 성대로29길 60,2층 (상도동),02-3280-0922,0,1000,1900,,,N,,,2021.3.22 16:55,
SB210308,삼성지역아동센터,1003,지역아동센터,11290,성북구,1003,초등학생,127.0243,37.60097,2807,서울특별시 성북구 동소문로34길 24,304 305호 (돈암동삼성상가),02-921-8411,,,,,,N,,,2021.3.22 16:55,
GB210306,울림사회적협동조합 꾸러기지역아동센터,1003,지역아동센터,11305,강북구,1003,초등학생,127.03184,37.62064,1163,서울특별시 강북구 도봉로 28나길 7,1층 (미아동),070-8833-7721,0,1200,2100,1200,2100,N,,,2021.3.22 16:55,2021.11.8 13:42
GB210303,울림사회적협동조합 산지역아동센터,1003,지역아동센터,11305,강북구,1003,초등학생,127.01926,37.64085,1075,서울특별시 강북구 삼각산로 134,3층 (수유동),02-905-8432,0,1030,2000,,,N,,,2021.3.22 16:55,
GR210304,푸르미지역아동센터,1003,지역아동센터,11530,구로구,1003,초등학생,126.85854,37.50151,8232,서울특별시 구로구 경서로 47,502호/503호 (고척동) (고척동),02-816-1515,0,1000,1900,,,N,,,2021.3.22 16:55,
KC210309,오예스지역아동센터,1003,지역아동센터,11545,금천구,1003,초등학생,126.90515,37.46603,8561,서울특별시 금천구 독산로 64길 50,(독산동),02-803-2340,0,1100,2200,,,N,,,2021.3.22 16:55,
NW210303,삼정학교지역아동센터,1003,지역아동센터,11350,노원구,1003,초등학생,127.05874,37.65165,1761,서울특별시 노원구 동일로215길 48, 1층(상계67동선천교회) (상계동 상계주공3단지아파트),02-865-5570,0,1100,2000,1100,1900,N,,,2021.3.22 16:55,
DM210301,해피아트지역아동센터,1003,지역아동센터,11230,동대문구,1003,초등학생,127.05956,37.58793,2497,서울특별시 동대문구 망우로14가길 28,(휘경2동 294-152) (휘경동),02-2244-9874,0,1000,1900,,,N,,,2021.3.22 16:55,
GA210301,해성지역아동센터,1003,지역아동센터,11620,관악구,1003,초등학생,126.95698,37.4894,8726,서울특별시 관악구 관악로 287,동아아파트 상가 310호 (봉천동),02-872-8591,0,1030,2130,1030,2030,Y,1030,1500,2021.3.22 16:55,
GR210307,그루터기배움터지역아동센터,1003,지역아동센터,11530,구로구,1003,초등학생,126.84477,37.5027,8251,서울특별시 구로구 고척로21나길 17,현대빌딩 3층 (개봉동),02-6738-6747,0,1030,1930,,,N,,,2021.3.22 16:55,
SB210305,사랑지역아동센터,1003,지역아동센터,11290,성북구,1003,초등학생,127.00484,37.60983,2708,서울특별시 성북구 솔샘로 25, (정릉동),02-913-8563,0,1100,1900,,,N,,,2021.3.22 16:55,
SB210306,동소문행복한 홈스쿨 지역아동센터,1003,지역아동센터,11290,성북구,1003,초등학생,127.01407,37.59723,2826,서울특별시 성북구 아리랑로7길 11,아리랑힐 빌라트b102 (동소문동7가),02-927-6377,0,1100,1900,,,N,,,2021.3.22 16:55,
SB210307,시습지역아동센터,1003,지역아동센터,11290,성북구,1003,초등학생,127.01106,37.61229,2717,서울특별시 성북구 보국문로16가길 43-13,103호 (정릉동 평완하이츠맨션),02-923-0910,0,1100,1900,,,N,,,2021.3.22 16:55,
SP210302,그린리버지역아동센터,1003,지역아동센터,11710,송파구,1003,초등학생,127.14933,37.50146,5745,서울특별시 송파구 성내천로 189,3층 (마천동),02-421-1006,0,1000,2200,,,N,,,2021.3.22 16:55,
SP210303,아름다운꿈지역아동센터,1003,지역아동센터,11710,송파구,1003,초등학생,127.15,37.49581,5757,서울특별시 송파구 마천로 305,(마천동) ,02-3402-1357,0,1100,2030,1100,2030,Y,1000,1900,2021.3.22 16:55,
SP210304,꿈꾸는지역아동센터,1003,지역아동센터,11710,송파구,1003,초등학생,127.13702,37.50043,5740,서울특별시 송파구 동남로 280,4층 (오금동),02-449-5863,0,1000,2200,1000,2200,Y,1000,1700,2021.3.22 16:55,
SP210305,솔바람지역아동센터,1003,지역아동센터,11710,송파구,1003,초등학생,127.15448,37.49632,5749,서울특별시 송파구 성내천로 271,,02-401-1391,0,1000,2000,,,N,,,2021.3.22 16:55,
SP210306,송파희망세상지역아동센터,1003,지역아동센터,11710,송파구,1003,초등학생,127.14733,37.49256,5773,서울특별시 송파구 오금로64길 4,2층 (거여동),02-6414-5515,0,1030,730,1030,730,N,,,2021.3.22 16:55,
YC210301,겨레얼학교지역아동센터,1003,지역아동센터,11470,양천구,1003,초등학생,126.82525,37.53395,7911,서울특별시 양천구 가로공원로60길 15, (신월동),02-2602-9560,0,1100,2030,,,N,,,2021.3.22 16:55,
YC210302,다니엘청소년지역아동센터,1003,지역아동센터,11470,양천구,1003,초등학생,126.83215,37.53311,7920,서울특별시 양천구 곰달래로3길 42-1, (신월동) 곰달래로3길 41,02-2065-7105,0,1200,2100,,,Y,1200,2100,2021.3.22 16:55,
YC210303,사무엘지역아동센터,1003,지역아동센터,11470,양천구,1003,초등학생,126.82887,37.5332,7912,서울특별시 양천구 남부순환로54길 9, (신월동),02-2692-3710,0,1030,1930,,,N,,,2021.3.22 16:55,
YC210304,꿈나무들의둥지지역아동센터,1003,지역아동센터,11470,양천구,1003,초등학생,126.86637,37.54423,7949,서울특별시 양천구 목동중앙북로8길 104,2층 (목동),02-2651-2303,0,1000,1900,,,N,,,2021.3.22 16:55,
YF210301,선유지역아동센터,1003,지역아동센터,11560,영등포구,1003,초등학생,126.89071,37.52309,7262,서울특별시 영등포구 선유로24길 3-3,(양평동1가) (양평동1가),02-2679-8881,0,1000,1900,1000,1900,N,,,2021.3.22 16:55,
YF210302,디모데지역아동센터,1003,지역아동센터,11560,영등포구,1003,초등학생,126.92313,37.51132,7355,서울특별시 영등포구 영등포로86길 17, (신길동),02-841-8333,0,1400,1900,,,N,,,2021.3.22 16:55,
YF210303,민들레학교지역아동센터,1003,지역아동센터,11560,영등포구,1003,초등학생,126.90969,37.52654,7230,서울특별시 영등포구 버드나루로 14가길 14,(당산동),02-2672-6009,,,,,,N,,,2021.3.22 16:55,
GN210301,비젼학교지역아동센터,1003,지역아동센터,11680,강남구,1003,초등학생,127.08342,37.49211,6343,서울특별시 강남구 일원로3길 38,2층 (일원동),070-7555-2229,0,900,1900,900,1900,Y,900,1800,2021.3.22 16:55,
DJ210304,선한지역아동센터,1003,지역아동센터,11590,동작구,1003,초등학생,126.96001,37.50945,6910,서울특별시 동작구 흑석로13마길 1,1 3층 (흑석동),02-824-6213,0,1000,1900,,,N,,,2021.3.22 16:55,
DJ210310,솔나무지역아동센터,1003,지역아동센터,11590,동작구,1003,초등학생,126.9319,37.50946,6942,서울특별시 동작구 등용로9길 2,1 (대방동),02-924-5907,0,1100,2100,,,N,,,2021.3.22 16:55,
DM210303,아름다운안암지역아동센터,1003,지역아동센터,11230,동대문구,1003,초등학생,127.03114,37.58257,2574,서울특별시 동대문구 약령시로 12, (제기동),02-921-2121,0,1000,1900,1000,1900,Y,1000,1400,2021.3.22 16:55,
GB210301,우리지역아동센터,1003,지역아동센터,11305,강북구,1003,초등학생,127.03877,37.62961,1143,서울특별시 강북구 오현로31길 21,2층 (번동) ,02-980-6625,0,1000,2030,1000,2030,N,,,2021.3.22 16:55,2021.11.8 13:46
GR210303,우신지역아동센터,1003,지역아동센터,11530,구로구,1003,초등학생,126.82835,37.49528,8257,서울특별시 구로구 오리로 1265,우신상가 304호 (궁동) (궁동 우신빌라),02-2611-8041,0,1000,1900,,,N,,,2021.3.22 16:55,
SC210301,점프지역아동센터,1003,지역아동센터,11650,서초구,1003,초등학생,127.04449,37.47394,6781,서울특별시 서초구 언남12길 8,1층 (양재동),02-6401-6998,0,1000,1900,1000,1900,N,,,2021.3.22 16:55,
DJ210302,젬마지역아동센터,1003,지역아동센터,11590,동작구,1003,초등학생,126.95103,37.50528,6912,서울특별시 동작구 강남초등8길 20,202호 (상도1동),02-822-1424,0,1000,1900,900,1800,N,,,2021.3.22 16:55,
KC210301,드림홈스쿨,1003,지역아동센터,11545,금천구,1003,초등학생,126.8937,37.47545,8532,서울특별시 금천구 가산로 106,202~203호 (가산동 주상복합두산아파트),070-7798-5405,0,1000,2200,930,2200,N,,,2021.3.22 16:55,
DB210303,무지개지역아동센터,1003,지역아동센터,11320,도봉구,1003,초등학생,127.0384,37.65821,1394,서울특별시 도봉구 방학로3길 116, (쌍문동),070-8278-2147,0,1400,1900,1200,1700,N,,,2021.3.22 16:55,
GS210304,밝은지역아동센터,1003,지역아동센터,11500,강서구,1003,초등학생,126.81309,37.57459,7517,서울특별시 강서구 양천로17길 26-2,1층 (방화동),02-2665-1995,0,1100,2200,1100,2200,Y,1000,1900,2021.3.22 16:55,
DJ210312,동작지역아동센터,1003,지역아동센터,11590,동작구,1003,초등학생,126.92897,37.4984,7053,서울특별시 동작구 국사봉길 18,3층 (신대방동),02-821-5880,0,,2100,,,N,,,2021.3.22 16:55,
DJ210303,동화나라지역아동센터,1003,지역아동센터,11590,동작구,1003,초등학생,126.96725,37.48673,7030,서울특별시 동작구 사당로 164-1,남성골든빌 A동 202호 (사당동 남성골든빌아파트),02-3473-6709,0,900,2100,,,N,,,2021.3.22 16:55,
KC210310,멘토지역아동센터,1003,지역아동센터,11545,금천구,1003,초등학생,126.90611,37.46029,8568,서울특별시 금천구 독산로40길 26,2층 (시흥동),02-802-0034,0,1000,1900,,,N,,,2021.3.22 16:55,
KC210311,렘넌트지역아동센터,1003,지역아동센터,11545,금천구,1003,초등학생,126.9016,37.46615,8617,서울특별시 금천구 독산로 217,3층 (독산동),02-806-0600,0,1030,2130,,,N,,,2021.3.22 16:55,
NW210301,하늘품의집지역아동센터,1003,지역아동센터,11350,노원구,1003,초등학생,127.0681837,37.66024071,1682,서울특별시 노원구 상계로23다길 33, (상계동),02-934-0320,0,1100,2100,1100,2100,N,,,2021.3.22 16:55,
NW210302,나란히지역아동센터,1003,지역아동센터,11350,노원구,1003,초등학생,127.07,37.65723,1697,서울특별시 노원구 상계로18길 31-3,3층 (상계2동) (상계동),02-938-7971,0,1200,2100,1100,2000,N,,,2021.3.22 16:55,
DB210301,베다니지역아동센터,1003,지역아동센터,11320,도봉구,1003,초등학생,127.01606,37.65576,1372,서울특별시 도봉구 우이천로48길 4,2층 (쌍문동),02-998-9619,0,1400,1900,1200,1700,N,,,2021.3.22 16:55,
DB210304,쌍문지역아동센터,1003,지역아동센터,11320,도봉구,1003,초등학생,127.02485,37.65015,1379,서울특별시 도봉구 노해로41길 46, (쌍문동),02-997-7975,0,1400,1900,1200,1700,N,,,2021.3.22 16:55,
DM210302,성복행복한홈스쿨,1003,지역아동센터,11230,동대문구,1003,초등학생,127.07638,37.57229,2524,서울특별시 동대문구 장안벚꽃로 139,성복교회 (장안동),02-2212-2250,0,1000,1900,1000,1900,Y,1000,1300,2021.3.22 16:55,
DM210305,이문꿈지역아동센터,1003,지역아동센터,11230,동대문구,1003,초등학생,127.06147,37.59812,2418,서울특별시 동대문구 이문로 130,2층 (이문동),02-6368-1590,,,,,,N,,,2021.3.22 16:55,
DJ210305,아이들의울타리 지역아동센터,1003,지역아동센터,11590,동작구,1003,초등학생,126.94065,37.5085,6925,서울특별시 동작구 장승배기로20길 8, (노량진동),02-814-0287,0,1030,2130,,,N,,,2021.3.22 16:55,
DJ210306,나눔지역아동센터,1003,지역아동센터,11590,동작구,1003,초등학생,126.91292,37.48955,7066,서울특별시 동작구 신대방2나길 22, (신대방동),02-843-9275,0,1030,2100,,,N,,,2021.3.22 16:55,
DJ210307,흑석지역아동센터,1003,지역아동센터,11590,동작구,1003,초등학생,126.96606,37.50763,6904,서울특별시 동작구 현충로 111,401호 (흑석동),02-816-8031,0,1000,2100,,,N,,,2021.3.22 16:55,
DJ210311,대방지역아동센터,1003,지역아동센터,11590,동작구,1003,초등학생,126.9301,37.51016,6942,서울특별시 동작구 여의대방로44길 47,대방종합사회복지관 3층 (대방동 주공아파트),02-3280-5855,0,1000,1900,,,N,,,2021.3.22 16:55,
DJ210313,신대방동구립지역아동센터,1003,지역아동센터,11590,동작구,1003,초등학생,126.90937,37.48651,7073,서울특별시 동작구 신대방 1길 42,(신대방동),02-849-8690,,,,,,N,,,2021.3.22 16:55,
MP210301,엘림지역아동센터,1003,지역아동센터,11440,마포구,1003,초등학생,126.90156,37.55956,3960,서울특별시 마포구 방울내로 53,2층 (망원동),02-332-1556,0,1000,2000,1000,2000,N,1000,1700,2021.3.22 16:55,
MP210302,망원무지개지역아동센터,1003,지역아동센터,11440,마포구,1003,초등학생,126.90436,37.55793,3964,서울특별시 마포구 월드컵로25길 58,3층 망원무지개지역아동센터 (망원동),02-335-6831,0,1000,1900,1000,1900,N,,,2021.3.22 16:55,
SD210301,라온지역아동센터,1003,지역아동센터,11200,성동구,1003,초등학생,127.0702,37.55363,4800,서울특별시 성동구 동일로 245,3층 (송정동),02-469-1700,0,1000,1900,,,N,,,2021.3.22 16:55,
SD210302,꿈터지역아동센터,1003,지역아동센터,11200,성동구,1003,초등학생,127.01848,37.55389,4722,서울특별시 성동구 금호로13길 20,B1층 (금호동2가),02-2236-8796,0,1000,2000,,,N,,,2021.3.22 16:55,
SD210303,응봉지역아동센터,1003,지역아동센터,11200,성동구,1003,초등학생,127.0319,37.54895,4742,서울특별시 성동구 독서당로60나길 15, (응봉동),02-2298-6618,0,1030,1930,,,N,,,2021.3.22 16:55,
SB210301,정릉 중앙,1003,지역아동센터,11290,성북구,1003,초등학생,126.99745,37.60715,2812,서울특별시 성북구 정릉로8다길 38, (정릉동),02-942-3291,,1100,1900,,,N,,,2021.3.22 16:55,
SB210302,장위희망지역아동센터,1003,지역아동센터,11290,성북구,1003,초등학생,127.04292,37.61599,2755,서울특별시 성북구 장위로15길 48, (장위동),02-916-7374,0,1100,1900,,,N,,,2021.3.22 16:55,
SB210304,비전트리지역아동센터,1003,지역아동센터,11290,성북구,1003,초등학생,127.04761,37.60873,2769,서울특별시 성북구 장월로 28, (장위동),02-919-9290,0,1100,1900,,,N,,,2021.3.22 16:55,
GD210301,아름다운지역아동센터,1003,지역아동센터,11740,강동구,1003,초등학생,127.17652,37.56305,5213,서울특별시 강동구 아리수로94길 19, (강일동 강일리버파크6단지아파트),070-4100-4323,0,1000,1900,,,N,,,2021.3.22 16:55,
GD210302,강일지역아동센터,1003,지역아동센터,11740,강동구,1003,초등학생,127.17025,37.56157,5222,서울특별시 강동구 상일로 163, (고덕동),02-6081-3300,0,1000,1900,,,N,,,2021.3.22 16:55,
GD210303,배움터지역아동센터,1003,지역아동센터,11740,강동구,1003,초등학생,127.13667,37.53973,5341,서울특별시 강동구 성안로 188, (길동),02-478-6336,0,1000,1900,1000,1730,Y,,,2021.3.22 16:55,
GD200902,마을학교지역아동센터,1003,지역아동센터,11740,강동구,1003,초등학생,127.1336,37.52827,5404,서울특별시 강동구 풍성로54길 27, (성내동),02-488-0816,0,1000,1900,1000,1900,N,,,2020.9.25 16:55,2021.4.8 13:10
SP200901,누리미지역아동센터,1003,지역아동센터,11710,송파구,1003,초등학생,127.14893,37.50109,5754,서울특별시 송파구 성내천로 188,2층 누리미지역아동센터 (마천동),02-408-2442,0,1000,2200,1000,2200,Y,1000,1500,2020.9.1 16:55,2021.6.1 10:01
SP200701,산돌예빛지역아동센터,1003,지역아동센터,11710,송파구,1003,초등학생,127.11596,37.53154,5532,서울특별시 송파구 풍성로20길 33,1층 (풍납동),02-489-5650,0,1000,1900,,,Y,1000,1500,2020.7.4 16:55,
GD200701,강동꿈나무지역아동센터,1003,지역아동센터,11740,강동구,1003,초등학생,127.12385,37.5468,5244,서울특별시 강동구 올림픽로89길 27-30, (천호동),02-478-7220,,1000,1900,1000,1830,N,,,2020.7.3 16:55,2021.5.27 16:14
JR200602,한길지역아동센터,1003,지역아동센터,11260,중랑구,1003,초등학생,127.08242,37.5922,2139,서울특별시 중랑구 동일로110길 37, (상봉동),02-435-6022,0,1000,1900,,,N,,,2020.6.30 16:55,
JR200601,중화지역아동센터,1003,지역아동센터,11260,중랑구,1003,초등학생,127.08532,37.60223,2090,서울특별시 중랑구 봉화산로 98,(중화동),02-438-3025,,,,,,N,,,2020.6.30 16:55,2021.5.27 17:47
JG200401,신당꿈 구립 지역아동센터,1003,지역아동센터,11140,중구,1003,초등학생,127.01094,37.55821,4607,서울특별시 중구 다산로21길 23,1층 (신당동),02-2297-5518,,,,,,N,,,2020.4.8 16:55,
SP200402,구립 오금동 지역아동센터,1003,지역아동센터,11710,송파구,1005,초중생,127.13985,37.49819,5742,서울특별시 송파구 동남로24길 37,2층 (오금동),02-404-2159,0,1030,2030,1030,1930,N,,,2020.4.2 16:55,2020.9.4 18:13
GJ200301,새날지역아동센터,1003,지역아동센터,11215,광진구,1003,초등학생,127.06557,37.54048,5072,서울특별시 광진구 아차산로26길 22,2층 (자양동),02-498-0404,0,900,2100,900,2100,Y,1000,1600,2020.3.30 12:07,
SP200201,구립 문정1동 지역아동센터,1003,지역아동센터,11710,송파구,1004,중학생,127.1273205,37.48816348,5803,서울특별시 송파구 송이로32길 22,2층 광성빌딩 (문정동),02-431-1319,0,900,2130,900,2130,N,,,2020.2.28 5:00,2020.3.10 11:54
GD200201,구립성내지역아동센터,1003,지역아동센터,11740,강동구,1003,초등학생,127.12936,37.53221,5388,서울특별시 강동구 성안로13길 56, (성내동),070-4164-1200,0,1000,1900,,,N,,,2020.2.14 5:00,2020.2.27 11:14
DJ200245,푸른나무지역아동센터,1003,지역아동센터,11590,동작구,1003,초등학생,126.96661,37.50564,6982,서울특별시 동작구 흑석한강로 13,4층 (흑석동),02-825-7267,0,1000,2100,,,N,,,2020.1.28 19:46,2020.3.6 14:35
MP200205,마리스타 지역아동센터,1003,지역아동센터,11440,마포구,1003,초등학생,126.91413,37.54453,4085,서울특별시 마포구 토정로2길 37,마리스타지역아동센터 (합정동),02-338-8356,0,1100,1930,1100,1930,N,,,2020.1.28 19:46,2020.3.13 11:27
MP200201,서진 지역아동센터,1003,지역아동센터,11440,마포구,1005,초중생,126.90781,37.56781,3947,서울특별시 마포구 새터산길 72,2층 (성산동),02-372-5091,0,1100,2000,1100,2000,Y,1000,1500,2020.1.28 19:46,2020.3.13 10:29
MP200203,지역아동센터 열린공부방,1003,지역아동센터,11440,마포구,1005,초중생,126.8944,37.57656,3930,서울특별시 마포구 월드컵북로48길 8,2층 (상암동),02-304-1930,0,1130,2100,900,2100,Y,1230,2030,2020.1.28 19:46,2020.3.13 22:43
DJ200224,우리모여지역아동센터,1003,지역아동센터,11590,동작구,1003,초등학생,126.97335,37.48056,7017,서울특별시 동작구 사당로22나길 69,2층 (사당동),02-583-6684,0,1200,2100,,,N,,,2020.1.28 19:46,2020.3.6 14:17
DJ200210,작은사랑서울지역아동센터,1003,지역아동센터,11590,동작구,1005,초중생,126.92887,37.50279,6953,서울특별시 동작구 대방동6길 21,103호 (상도동 드림빌라트3차),02-816-1470,0,1000,2100,900,2100,N,,,2020.1.28 19:46,2022.1.13 13:41
DJ200208,샘지역아동센터,1003,지역아동센터,11590,동작구,1003,초등학생,126.92324,37.49513,7057,서울특별시 동작구 여의대방로22나길 82, (신대방동),070-8224-0543,0,900,2100,,,N,,,2020.1.28 19:46,2020.3.6 14:31
DJ200205,동작이수지역아동센터,1003,지역아동센터,11590,동작구,1003,초등학생,126.9769,37.49311,6991,서울특별시 동작구 동작대로35차길 7, (사당동),02-592-3723,0,900,1800,900,1800,N,,,2020.1.28 19:46,2021.12.28 15:32
DJ200204,노량진행복한홈스쿨,1003,지역아동센터,11590,동작구,1003,초등학생,126.9539431,37.51183465,6908,서울특별시 동작구 노량진로30길 22, (본동),02-815-3982,0,1000,2100,,,N,,,2020.1.28 19:46,2020.3.6 10:20
DJ200202,신상도지역아동센터,1003,지역아동센터,11590,동작구,1003,초등학생,126.94522,37.49702,7038,서울특별시 동작구 양녕로20길 108,3층 (상도동),02-826-7712,0,900,2100,,,Y,1000,1500,2020.1.28 19:46,2020.3.6 13:12
DM200212,서울지역아동센터,1003,지역아동센터,11230,동대문구,1003,초등학생,127.06354,37.59389,2432,서울특별시 동대문구 휘경로14길 29, (휘경동),02-2245-7179,0,1000,2000,1000,2000,Y,1000,2000,2020.1.28 19:46,2020.3.5 14:06
DM200213,구립 동대문 지역아동센터,1003,지역아동센터,11230,동대문구,1003,초등학생,127.0574,37.57505,2540,서울특별시 동대문구 전농로 113,5층 구립동대문지역아동센터 (답십리동),02-3394-5759,0,1000,2100,1000,1900,N,,,2020.1.28 19:46,2020.3.4 17:59
DM200209,행복한지역아동센터,1003,지역아동센터,11230,동대문구,1005,초중생,127.06463,37.59512,2427,서울특별시 동대문구 외대역동로 75, (이문동),02-966-5090,0,1000,2200,1000,2200,Y,1300,1800,2020.1.28 19:46,2020.3.5 16:06
DM200208,꿈사랑방지역아동센터,1003,지역아동센터,11230,동대문구,1003,초등학생,127.058271,37.57475377,2536,서울특별시 동대문구 전농로10길 20,상가 309호 (답십리동 답십리청솔우성아파트),02-2212-5777,0,1000,1900,1000,1900,Y,1000,1400,2020.1.28 19:46,2020.3.5 13:25
DM200207,(사)나누리 나누리지역아동센터,1003,지역아동센터,11230,동대문구,1005,초중생,127.05658,37.57849,2546,서울특별시 동대문구 전농로17길 7, (전농동)3~4층,02-2247-7103,0,1000,2030,900,1800,Y,1000,1300,2020.1.28 19:46,2020.3.10 16:53
DM200205,장안지역아동센터,1003,지역아동센터,11230,동대문구,1003,초등학생,127.06371,37.56925,2611,서울특별시 동대문구 한천로 85,답십리2동 2-12 (답십리동),02-2246-3323,0,1000,1900,930,1900,N,,,2020.1.28 19:46,2020.3.11 18:30
DM200206,원광지역아동센터,1003,지역아동센터,11230,동대문구,1003,초등학생,127.05879,37.57929,2507,서울특별시 동대문구 사가정로15길 47, (전농동),070-7011-3357,0,1000,1900,900,1800,N,,,2020.1.28 19:46,2020.3.11 18:34
DM200202,염광지역아동센터 빛나는집,1003,지역아동센터,11230,동대문구,1003,초등학생,127.06194,37.57857,2508,서울특별시 동대문구 전농로16길 83,(전농2동 43-5) (전농동),02-2217-2703,0,1000,2100,930,2130,Y,1000,1300,2020.1.28 19:46,2020.3.9 18:04
DB200217,해맑음한일지역아동센터,1003,지역아동센터,11320,도봉구,1003,초등학생,127.04531,37.66256,1406,서울특별시 도봉구 방학로 57-9, (방학동),02-956-0225,0,1400,1900,1200,1700,N,,,2020.1.28 19:46,2020.1.31 16:42
DM200201,한길지역아동센터,1003,지역아동센터,11230,동대문구,1003,초등학생,127.06462,37.59666,2427,서울특별시 동대문구 외대역동로 101,제상가 2층 (이문동 중앙하이츠빌),02-957-5090,0,1000,2000,900,1900,Y,1000,1500,2020.1.28 19:46,2020.3.11 11:16
DB200216,희망드림지역아동센터,1003,지역아동센터,11320,도봉구,1003,초등학생,127.03745,37.64567,1458,서울특별시 도봉구 도봉로110아길 12,2층 (창동),02-900-9313,0,1400,1900,1200,1700,N,,,2020.1.28 19:46,2020.1.31 16:48
DB200215,영광지역아동센터,1003,지역아동센터,11320,도봉구,1003,초등학생,127.02689,37.6503,1380,서울특별시 도봉구 노해로41가길 17, (쌍문동),02-906-1555,0,1400,1900,1200,1700,N,,,2020.1.28 19:46,2020.1.31 16:26
DB200213,에듀존도봉지역아동센터,1003,지역아동센터,11320,도봉구,1003,초등학생,127.04052,37.65325,1427,서울특별시 도봉구 해등로 111, (창동),02-900-1159,0,1400,1900,1200,1700,N,,,2020.1.28 19:46,2020.1.31 16:22
DB200214,창동드림지역아동센터,1003,지역아동센터,11320,도봉구,1003,초등학생,127.0406,37.63532,1479,서울특별시 도봉구 우이천로4다길 32, (창동),02-997-8790,0,1400,1900,1200,1700,N,,,2020.1.28 19:46,2020.1.31 16:38
DB200211,아름다운 지역아동센터,1003,지역아동센터,11320,도봉구,1003,초등학생,127.03558,37.64346,1460,서울특별시 도봉구 도봉로104길 63, (창동),02-904-2641,0,1400,1900,1200,1700,N,,,2020.1.28 19:46,2020.1.31 16:10
DB200210,도서관 속 별난학교 지역아동센터,1003,지역아동센터,11320,도봉구,1003,초등학생,127.02887,37.66262,1359,서울특별시 도봉구 방학로 200-20,2층 (방학동),070-8638-1972,0,1400,1900,1200,1700,N,,,2020.1.28 19:46,2020.1.31 15:40
DB200208,나눔플러스지역아동센터,1003,지역아동센터,11320,도봉구,1003,초등학생,127.03114,37.64712,1444,서울특별시 도봉구 도봉로109길 40, (쌍문동),02-997-5579,0,1400,1900,1200,1700,N,,,2020.1.28 19:46,2020.1.31 15:23
DB200209,참솔지역아동센터,1003,지역아동센터,11320,도봉구,1003,초등학생,127.03219,37.66667,1315,서울특별시 도봉구 시루봉로 193,2층 (방학동),02-932-4738,0,1400,1900,1200,1700,N,,,2020.1.28 19:46,2020.1.31 16:35
DB200207,씨앗지역아동센터,1003,지역아동센터,11320,도봉구,1003,초등학생,127.04571,37.68493,1303,서울특별시 도봉구 도봉로 901, (도봉동),02-954-0045,0,1400,1900,1200,1700,N,,,2020.1.28 19:46,2020.1.31 16:04
DB200206,늘사랑 지역아동센터,1003,지역아동센터,11320,도봉구,1003,초등학생,127.05183,37.65391,1415,서울특별시 도봉구 마들로11길 25, (창동),02-951-1498,0,1400,1900,1200,1700,N,,,2020.1.28 19:46,2020.1.31 15:34
DB200204,도봉지역아동센터,1003,지역아동센터,11320,도봉구,1003,초등학생,127.03972,37.67004,1349,서울특별시 도봉구 도당로19길 68, (도봉동),02-955-5837,0,1400,1900,1200,1700,N,,,2020.1.28 19:46,2020.1.31 15:37
DB200201,방학동 지역아동센터,1003,지역아동센터,11320,도봉구,1003,초등학생,127.02806,37.65878,1388,서울특별시 도봉구 시루봉로 88,3층 (쌍문동),02-903-1994,0,1400,1900,1200,1700,N,,,2020.1.28 19:46,2020.1.31 15:45
NW200101,구립월계문화지역아동센터,1003,지역아동센터,11350,노원구,1003,초등학생,127.05079,37.62426,1884,서울특별시 노원구 월계로42길 9,2층 구립월계문화지역아동센터 (월계동),02-909-3273,0,1000,1900,900,1800,N,,,2020.1.28 19:29,2021.11.2 11:02
DB200101,샘터지역아동센터(공부방),1003,지역아동센터,11320,도봉구,1003,초등학생,127.03915,37.64668,1456,서울특별시 도봉구 노해로62길 106, (창동),02-6401-0691,0,1400,1900,1200,1700,N,,,2020.1.28 19:29,2020.1.31 15:55
GR200174,지구촌지역아동센터,1003,지역아동센터,11530,구로구,1003,초등학생,126.89437,37.47905,8395,서울특별시 구로구 남부순환로 1291,영진빌딩 B동 201호 (가리봉동) (가리봉동),02-865-2006,0,1100,1900,,,N,,,2020.1.28 1:35,2020.3.10 10:06
GR200166,영문지역아동센터,1003,지역아동센터,11530,구로구,1003,초등학생,126.85421,37.48754,8352,서울특별시 구로구 개봉로11길 35-9,301호 (개봉동) (개봉동),02-2614-9674,0,1000,1900,,,N,,,2020.1.28 1:35,2020.3.9 15:25
JR200148,파랑새지역아동센터,1003,지역아동센터,11260,중랑구,1003,초등학생,127.09647,37.60845,2054,서울특별시 중랑구 신내로 110,15동 103호 (신내동 동성아파트),02-432-5622,0,1000,1900,,,N,,,2020.1.28 1:35,2020.3.11 14:51
JR200147,놀이터지역아동센터,1003,지역아동센터,11260,중랑구,1003,초등학생,127.07832,37.60906,2039,서울특별시 중랑구 동일로 880,2층 (묵동),02-973-7210,0,1000,1900,,,N,,,2020.1.28 1:35,2020.3.10 13:05
JR200146,씨앗지역아동센터,1003,지역아동센터,11260,중랑구,1003,초등학생,127.08908,37.58894,2161,서울특별시 중랑구 겸재로 193,2층 (면목동),070-7434-3006,0,1100,2100,,,N,,,2020.1.28 1:35,2020.3.10 14:20
JR200144,파란나라지역아동센터,1003,지역아동센터,11260,중랑구,1003,초등학생,127.08688,37.59221,2155,서울특별시 중랑구 면목로 452, (면목동),02-494-0476,0,1000,1900,,,N,,,2020.1.28 1:35,2020.3.11 13:27
JR200145,녹색지역아동센터,1003,지역아동센터,11260,중랑구,1003,초등학생,127.07671,37.58574,2230,서울특별시 중랑구 겸재로 78,3층 (면목동),070-8688-4343,0,1000,1900,,,N,,,2020.1.28 1:35,2020.3.10 11:18
JR200141,동원지역아동센터,1003,지역아동센터,11260,중랑구,1003,초등학생,127.09047,37.58388,2210,서울특별시 중랑구 면목로56길 38, (면목동),02-433-4425,0,1100,1900,,,N,,,2020.1.28 1:35,2020.3.10 13:59
JR200142,생명강지역아동센터,1003,지역아동센터,11260,중랑구,1003,초등학생,127.07893,37.59752,2108,서울특별시 중랑구 동일로123길 21,2층 (중화동),02-438-0118,0,1000,1900,,,Y,900,1400,2020.1.28 1:35,2020.3.11 15:02
JR200143,열린지역아동센터,1003,지역아동센터,11260,중랑구,1003,초등학생,127.10205,37.60267,2059,서울특별시 중랑구 망우로67가길 11,2층 (망우동),02-435-2153,0,1000,1900,,,Y,1000,1600,2020.1.28 1:35,2020.3.10 14:44
JR200139,동그라미지역아동센터,1003,지역아동센터,11260,중랑구,1003,초등학생,127.07822,37.58709,2134,서울특별시 중랑구 겸재로9길 15,2층 (면목동),02-492-8728,0,1100,2000,,,N,,,2020.1.28 1:35,2020.3.10 13:27
JR200140,중랑재미지역아동센터,1003,지역아동센터,11260,중랑구,1003,초등학생,127.10093,37.59498,2181,서울특별시 중랑구 용마공원로 7-3,2층 (망우동),02-495-5154,0,1100,1800,1000,1700,Y,1000,1800,2020.1.28 1:35,2020.3.11 9:37
JR200137,차오름지역아동센터,1003,지역아동센터,11260,중랑구,1003,초등학생,127.09339,37.59026,2162,서울특별시 중랑구 상봉로 49,3층 (면목동),02-433-2077,,1130,2030,,,N,,,2020.1.28 1:34,2020.3.11 9:56
JR200136,면목지역아동센터,1003,지역아동센터,11260,중랑구,1003,초등학생,127.08142,37.57635,2243,서울특별시 중랑구 면목로33길 79, (면목동),070-7539-6010,0,1000,1900,,,N,,,2020.1.28 1:34,2020.3.11 14:56
JR200132,마루아라지역아동센터,1003,지역아동센터,11260,중랑구,1003,초등학생,127.09477,37.60857,2043,서울특별시 중랑구 신내로 115, (신내동 신내10단지신내아파트),02-6671-7533,0,1000,1900,,,N,,,2020.1.28 1:34,2020.3.10 14:07
JR200129,참좋은지역아동센터,1003,지역아동센터,11260,중랑구,1003,초등학생,127.09783,37.59086,2188,서울특별시 중랑구 용마산로 442-1,2층 (망우동),02-493-3393,0,1000,1900,,,N,,,2020.1.28 1:34,2020.3.11 13:16
JR200130,성심지역아동센터,1003,지역아동센터,11260,중랑구,1003,초등학생,127.10134,37.58766,2191,서울특별시 중랑구 용마산로94길 88, (면목동),02-494-5072,0,1030,1930,,,N,,,2020.1.28 1:34,2020.3.11 15:07
JR200128,만나지역아동센터,1003,지역아동센터,11260,중랑구,1003,초등학생,127.08013,37.58578,2215,서울특별시 중랑구 동일로 620, (면목동),02-438-9191,0,1000,1900,,,Y,1000,1900,2020.1.28 1:34,2020.3.10 14:10
JR200127,솔로몬지역아동센터,1003,지역아동센터,11260,중랑구,1003,초등학생,127.10335,37.60421,2060,서울특별시 중랑구 망우로 73길 83,(망우동),02-439-8679,,,,,,N,,,2020.1.28 1:34,2021.5.27 17:49
JR200126,즐거운지역아동센터,1003,지역아동센터,11260,중랑구,1003,초등학생,127.07878,37.58495,2231,서울특별시 중랑구 동일로95길 16,상중빌딩 2층 (면목동),02-495-9839,,,,,,N,,,2020.1.28 1:34,2020.3.11 9:48
JG200109,나비훨훨지역아동센터,1003,지역아동센터,11140,중구,1003,초등학생,127.00762,37.55129,4599,서울특별시 중구 다산로 75,2층 (신당동),02-2237-8390,0,1000,1900,,,N,,,2020.1.28 1:34,2020.3.4 15:14
JG200108,등대지역아동센터,1003,지역아동센터,11140,중구,1003,초등학생,126.96458,37.55831,4502,서울특별시 중구 중림로 10,상가2동 지층901호 (중림동 중림동 삼성 사이버 빌리지),02-3147-0191,0,1000,2000,900,1900,N,,,2020.1.28 1:34,2020.3.5 13:55
JN200124,세종지역아동센터,1003,지역아동센터,11110,종로구,1003,초등학생,126.96047,37.57285,3029,서울특별시 종로구 통일로12길 10-14,2층 (행촌동),02-730-9791,0,1100,1900,,,N,,,2020.1.28 1:34,2020.3.9 11:11
JG200106,엘림지역아동센터,1003,지역아동센터,11140,중구,1005,초중생,127.02078,37.56257,4583,서울특별시 중구 퇴계로88나길 23, (신당동),02-2252-9123,0,1100,2000,900,1900,N,,,2020.1.28 1:34,2020.3.11 18:28
JN200121,한누리아동센터,1003,지역아동센터,11110,종로구,1003,초등학생,126.96053,37.57344,3029,서울특별시 종로구 통일로12길 16-5, (무악동),02-735-3633,0,1100,1900,,,N,,,2020.1.28 1:34,2020.3.18 17:46
JN200122,연동지역아동센터,1003,지역아동센터,11110,종로구,1003,초등학생,127.00132,37.57399,3128,서울특별시 종로구 대학로3길 9,3층 (연지동),02-744-7270,0,1100,1900,,,N,,,2020.1.28 1:34,2020.3.9 10:57
JN200123,친구네 지역아동센터,1003,지역아동센터,11110,종로구,1003,초등학생,127.01052,37.57439,3097,서울특별시 종로구 창신길 59,4층 (창신동),02-745-0794,0,1100,1900,,,N,,,2020.1.28 1:34,2020.3.9 10:45
JN200119,종로지역아동센터,1003,지역아동센터,11110,종로구,1003,초등학생,127.01219,37.5772,3091,서울특별시 종로구 지봉로13길 82, (창신동),02-741-4980,0,1100,1900,,,N,,,2020.1.28 1:34,2020.3.9 11:05
JN200120,성터지역아동센터,1003,지역아동센터,11110,종로구,1003,초등학생,127.00923,37.57513,3097,서울특별시 종로구 창신7가길 14-7, (창신동),02-763-3677,0,1100,1900,,,N,,,2020.1.28 1:34,2020.3.9 11:01
JN200117,사단법인 공동육아와 공동체교육 해송지역아동센터,1003,지역아동센터,11110,종로구,1003,초등학생,127.00867,37.57785,3089,서울특별시 종로구 낙산성곽동길 59-10, (창신동),02-762-9201,0,1100,1900,,,N,,,2020.1.28 1:34,2020.3.9 10:59
JN200118,중앙지역아동센터,1003,지역아동센터,11110,종로구,1003,초등학생,127.00825,37.574,3098,서울특별시 종로구 충신길 22,교육관 2층 (종로6가),02-744-7430,0,1100,1900,,,N,,,2020.1.28 1:34,2020.3.9 10:43
JN200116,마로니에지역아동센터,1003,지역아동센터,11110,종로구,1003,초등학생,127.00517,37.57953,3088,서울특별시 종로구 이화장길 94, (동숭동),02-6414-4768,0,1100,1900,,,N,,,2020.1.28 1:34,2020.3.9 10:29
JN200114,청암지역아동센터,1003,지역아동센터,11110,종로구,1003,초등학생,127.01035,37.57734,3090,서울특별시 종로구 창신8길 13, (창신동),02-742-9827,0,1100,1900,,,N,,,2020.1.28 1:34,2020.3.9 10:37
EP200185,구립오병이어 지역아동센터,1003,지역아동센터,11380,은평구,1003,초등학생,126.92438,37.59947,3462,서울특별시 은평구 은평로 12길 12-25,(응암동),02-6925-5019,,,,,,N,,,2020.1.28 1:34,2021.5.27 17:51
EP200184,증산동성산 지역아동센터,1003,지역아동센터,11380,은평구,1003,초등학생,126.90732,37.58418,3499,서울특별시 은평구 증산서길 90, (증산동),02-305-9200,0,1000,2200,,,N,,,2020.1.28 1:34,2020.2.20 14:56
JN200113,참신나는학교 지역아동센터,1003,지역아동센터,11110,종로구,1003,초등학생,127.01335,37.57316,3105,서울특별시 종로구 종로53길 7-10, (창신동),02-744-4048,0,1100,1900,,,N,,,2020.1.28 1:34,2020.3.9 10:52
EP200182,부림지역아동센터,1003,지역아동센터,11380,은평구,1003,초등학생,126.92783,37.62571,3343,서울특별시 은평구 연서로37길 51,2층 가호 (불광동),02-387-9661,,1100,2000,,,N,,,2020.1.28 1:34,2020.2.18 15:52
EP200183,광암 지역아동센터,1003,지역아동센터,11380,은평구,1003,초등학생,126.91706,37.58381,3483,서울특별시 은평구 가좌로7라길 35-4,1층 (응암동),070-4025-0953,0,1100,2000,,,N,,,2020.1.28 1:34,2020.3.12 17:50
GR200164,구로구공립지역아동센터,1003,지역아동센터,11530,구로구,1003,초등학생,126.83978,37.48058,8365,서울특별시 구로구 천왕로 32,천왕에이스프라자 306호/307호(천왕동) (천왕동),02-2615-9060,0,1100,1900,,,N,,,2020.1.28 1:34,2020.3.13 11:28
GR200160,구로행복한지역아동센터,1003,지역아동센터,11530,구로구,1003,초등학생,126.85365,37.48992,8346,서울특별시 구로구 개봉로15길 42,2층(개봉동) (개봉동),02-2615-9064,0,1000,1900,,,N,,,2020.1.28 1:34,2020.3.9 13:44
GR200162,섬기는지역아동센터,1003,지역아동센터,11530,구로구,1003,초등학생,126.85025,37.49393,8339,서울특별시 구로구 개봉로17아길 51-12,(개봉동) (개봉동),070-7806-1414,0,1200,2100,,,N,,,2020.1.28 1:34,2020.3.9 15:12
GR200155,메리워드 지역아동센터,1003,지역아동센터,11530,구로구,1003,초등학생,126.84072,37.49969,8253,서울특별시 구로구 고척로 49,210동 상가 3층(오류동) (오류동 동부골든아파트),02-2618-6530,0,1100,2000,,,N,,,2020.1.28 1:34,2020.3.9 15:03
GR200142,구로푸른학교 지역아동센터,1003,지역아동센터,11530,구로구,1003,초등학생,126.88843,37.49664,8301,서울특별시 구로구 가마산로23길 27,2층 (구로동) (구로동),02-866-0615,0,1030,2030,,,N,,,2020.1.28 1:34,2020.3.9 13:40
GR200141,한사랑지역아동센터,1003,지역아동센터,11530,구로구,1003,초등학생,126.88716,37.4881,8314,서울특별시 구로구 구로동로8길 56,101호 201호(구로동) (구로동),02-858-7988,0,1000,1900,,,Y,1000,1900,2020.1.28 1:34,2020.3.10 10:49
GR200138,지역아동센터평화만들기,1003,지역아동센터,11530,구로구,1003,초등학생,126.83128,37.49749,8249,서울특별시 구로구 오리로20길 32, (궁동),02-2613-9895,0,1100,2000,,,N,,,2020.1.28 1:34,2020.3.10 10:26
GR200136,새솜 지역아동센터,1003,지역아동센터,11530,구로구,1003,초등학생,126.89215,37.50235,8296,서울특별시 구로구 새말로16길 70,다솜금호아파트상가 401호 (구로동) (구로동 다솜금호아파트),02-865-8428,0,1000,2000,,,N,,,2020.1.28 1:34,2020.3.9 15:10
GR200137,함사람지역아동센터,1003,지역아동센터,11530,구로구,1003,초등학생,126.86135,37.50353,8224,서울특별시 구로구 경서로 82-14,대신상가 303호(고척동) (고척동),02-2681-8114,0,1000,1900,,,N,,,2020.1.28 1:34,2020.3.10 10:57
GR200135,구로지역아동센터,1003,지역아동센터,11530,구로구,1003,초등학생,126.88683,37.48514,8374,서울특별시 구로구 도림로 4-3,3층 301호(구로동) (구로동),02-837-4395,0,1000,1900,,,N,,,2020.1.28 1:34,2020.3.9 13:14
GR200133,꿈의학교지역아동센터,1003,지역아동센터,11530,구로구,1003,초등학생,126.85704,37.48955,8333,서울특별시 구로구 개봉로12길 9-30,2층(개봉동) (개봉동),02-2615-9062,0,1100,2100,,,N,,,2020.1.28 1:34,2020.3.9 14:38
GJ200125,새빛지역아동센터,1003,지역아동센터,11215,광진구,1005,초중생,127.07944,37.53728,5054,서울특별시 광진구 아차산로 330,1층 (자양동),02-3436-6852,0,1000,2000,900,1830,Y,1300,1700,2020.1.28 1:34,2020.3.11 11:17
GJ200124,어린이나라지역아동센터,1003,지역아동센터,11215,광진구,1005,초중생,127.08653,37.53966,5042,서울특별시 광진구 자양로22길 58,2층 (구의동),02-446-5642,0,930,2200,930,2200,N,,,2020.1.28 1:34,2020.3.11 11:26
GJ200121,희망샘지역아동센터,1003,지역아동센터,11215,광진구,1005,초중생,127.0903,37.55905,4944,서울특별시 광진구 긴고랑로 137, (중곡동),070-4138-0060,0,1200,2100,1200,2100,N,,,2020.1.28 1:34,2020.3.11 13:24
GJ200123,중곡지역아동센터,1003,지역아동센터,11215,광진구,1003,초등학생,127.09082,37.55579,4951,서울특별시 광진구 자양로53길 69,3층 (중곡동),02-457-7179,,1000,1900,1000,1900,N,,,2020.1.28 1:34,2020.3.11 13:26
GJ200110,해피엘지역아동센터,1003,지역아동센터,11215,광진구,1005,초중생,127.07526,37.53101,5098,서울특별시 광진구 자양번영로 16,2층 (자양동),02-3436-6853,,1100,2000,1000,1900,N,,,2020.1.28 1:34,2020.3.11 13:22
GJ200109,진성지역아동센터,1003,지역아동센터,11215,광진구,1005,초중생,127.08692,37.56722,4940,서울특별시 광진구 용마산로26길 10,2층 (중곡동),02-8791-4694,0,1030,2030,1000,2100,N,,,2020.1.28 1:34,2020.3.11 11:31
GJ200108,꿈나래지역아동센터,1003,지역아동센터,11215,광진구,1005,초중생,127.08876,37.5583,4945,서울특별시 광진구 영화사로 9,3층 (중곡동),02-494-1898,0,1000,1900,1000,1900,N,,,2020.1.28 1:34,2020.3.11 11:14
GJ200106,1318해피존새움터 지역아동센터,1003,지역아동센터,11215,광진구,1004,중학생,127.08392,37.53409,5056,서울특별시 광진구 자양로 71-7,3층 (자양동),02-458-1813,0,1300,2100,1000,1900,N,,,2020.1.28 1:34,2020.4.13 18:01
GJ200107,신양하늘꿈지역아동센터,1003,지역아동센터,11215,광진구,1005,초중생,127.06144,37.53647,5081,서울특별시 광진구 동일로 44-10,2층 (자양동),02-463-4114,0,1100,2000,1100,2000,N,,,2020.1.28 1:34,2020.3.11 11:18
GA200145,새숲공부방,1003,지역아동센터,11620,관악구,1003,초등학생,126.92862,37.46606,8848,서울특별시 관악구 광신길 160,주공아파트 101동 101호/106호 (신림동 신림1단지주공아파트),02-884-3572,0,1200,2100,1100,2000,N,,,2020.1.28 1:34,2020.3.18 10:42
GA200144,행복한지역아동센터,1003,지역아동센터,11620,관악구,1003,초등학생,126.92078,37.475,8852,서울특별시 관악구 법원단지13길 22, (신림동),02-6397-8961,0,1000,1900,900,1800,Y,900,1700,2020.1.28 1:34,2020.3.18 15:09
GA200146,우리들의공부방,1003,지역아동센터,11620,관악구,1003,초등학생,126.92109,37.4833,8762,서울특별시 관악구 남부순환로 1535,2층 (신림동),02-884-8093,0,1000,1900,1000,1900,N,,,2020.1.28 1:34,2020.3.18 15:22
GA200142,청솔지역아동센터,1003,지역아동센터,11620,관악구,1003,초등학생,126.91486,37.48442,8762,서울특별시 관악구 남부순환로161가길 71,2층 (신림동),02-857-5599,0,1100,2100,1100,2100,Y,900,1700,2020.1.28 1:34,2020.3.18 14:52
GA200143,조원지역아동센터,1003,지역아동센터,11620,관악구,1003,초등학생,126.90874,37.48155,8766,서울특별시 관악구 조원중앙로2길 71,1층 (신림동),02-838-9031,0,1100,2000,900,1800,Y,900,1400,2020.1.28 1:34,2020.3.18 14:28
GA200128,드림한누리지역아동센터,1003,지역아동센터,11620,관악구,1003,초등학생,126.94715,37.49222,8725,서울특별시 관악구 구암길 106,3층 (봉천동 관악드림타운아파트),02-888-1598,0,1000,1900,1000,1900,N,,,2020.1.28 1:34,2020.3.13 16:02
GA200127,하늘지역아동센터,1003,지역아동센터,11620,관악구,1003,초등학생,126.93408,37.47441,8845,서울특별시 관악구 신림로 171,201호 (신림동 금원프라자),02-875-1114,0,1000,1900,1000,1900,N,,,2020.1.28 1:34,2020.3.18 14:56
GA200129,아담스지역아동센터,1003,지역아동센터,11620,관악구,1003,초등학생,126.92117,37.46865,8857,서울특별시 관악구 난곡로20길 17,3층 (신림동),02-830-0374,0,1300,2100,1000,2000,N,,,2020.1.28 1:34,2020.3.18 11:26
GA200126,민들레샘물 지역아동센터,1003,지역아동센터,11620,관악구,1003,초등학생,126.93716,37.4634,8824,서울특별시 관악구 대학20길 27,103동 105호 (신림동 현대아파트),070-8751-3275,0,1200,2100,1030,2000,Y,1100,1600,2020.1.28 1:34,2020.3.13 16:13
GA200124,열린지역아동센터,1003,지역아동센터,11620,관악구,1003,초등학생,126.94575,37.48516,8751,서울특별시 관악구 양녕로 31,관리동 3층 (봉천동 두산아파트),02-3285-3580,0,1200,2100,1000,1900,N,,,2020.1.28 1:34,2020.3.18 14:01
GA200122,섬김의집,1003,지역아동센터,11620,관악구,1003,초등학생,126.93025,37.46638,8848,서울특별시 관악구 원신길 149,1~3층 (신림동),02-871-5425,0,1100,2100,1030,1930,N,,,2020.1.28 1:34,2020.3.18 10:49
GA200109,희망신나는집문화학교,1003,지역아동센터,11620,관악구,1003,초등학생,126.95084,37.48521,8746,서울특별시 관악구 중앙길 75,1~2층 (봉천동),02-876-3518,0,1200,2000,1100,1900,N,,,2020.1.28 1:34,2020.3.18 15:15
GA200105,난향지역아동센터,1003,지역아동센터,11620,관악구,1003,초등학생,126.9161,37.4624,8859,서울특별시 관악구 난향7길 1,2 3층 (신림동),02-830-7023,0,1030,1930,1030,1930,Y,1030,1430,2020.1.28 1:33,2020.3.13 15:36
GS200141,강서누리지역아동센터,1003,지역아동센터,11500,강서구,1003,초등학생,126.81149,37.55785,7626,서울특별시 강서구 송정로 32,2층 (공항동),02-2661-7179,0,1000,1900,1000,1900,N,,,2020.1.28 1:33,2020.3.13 11:18
GS200130,소은지역아동센터,1003,지역아동센터,11500,강서구,1003,초등학생,126.81681,37.55578,7645,서울특별시 강서구 방화대로6나길 17,2층 (공항동),070-4062-7647,0,1000,1900,,,N,,,2020.1.28 1:33,2020.3.13 13:16
GS200127,방화지역아동센터,1003,지역아동센터,11500,강서구,1003,초등학생,126.80666,37.57103,7611,서울특별시 강서구 양천로6길 28,3층 301호 (방화동 도시개발12단지아파트),02-2662-6277,0,1000,2100,1000,2100,N,,,2020.1.28 1:33,2020.3.18 9:50
GS200126,한길지역아동센터,1003,지역아동센터,11500,강서구,1003,초등학생,126.86902,37.55059,7561,서울특별시 강서구 공항대로65길 21,상가 1층 (염창동 롯데캐슬아파트),02-3665-8733,0,1000,2100,,,N,,,2020.1.28 1:33,2020.3.12 15:25
GS200123,새하늘지역아동센터,1003,지역아동센터,11500,강서구,1003,초등학생,126.83826,37.54021,7717,서울특별시 강서구 화곡로24길 16,1층 (화곡동),02-2608-2538,0,1000,1900,1000,1900,N,,,2020.1.28 1:33,2020.3.17 16:06
GS200124,좋은친구청소년지역아동센터,1003,지역아동센터,11500,강서구,1003,초등학생,126.84195,37.53867,7720,서울특별시 강서구 가로공원로 237,2층 (화곡동),02-2065-0369,0,1100,2100,1100,2100,Y,1000,1600,2020.1.28 1:33,2020.3.26 17:19
GS200122,좋은사람들지역아동센터,1003,지역아동센터,11500,강서구,1003,초등학생,126.84127,37.54444,7700,서울특별시 강서구 화곡로31길 39,2층 (화곡동),02-2604-5550,0,1000,2000,900,2000,N,,,2020.1.28 1:33,2020.3.18 10:00
GS200109,주함지역아동센터,1003,지역아동센터,11500,강서구,1003,초등학생,126.84785,37.5344,7752,서울특별시 강서구 강서로18길 41,화곡등 4층 (화곡동),02-2605-3305,0,1000,1900,1000,1900,Y,1000,1600,2020.1.28 1:33,2020.3.18 16:31
GS200105,솔로몬지역아동센터,1003,지역아동센터,11500,강서구,1003,초등학생,126.80952,37.57438,7516,서울특별시 강서구 양천로1길 106,2층 (방화동),02-2664-6954,0,1100,2100,1000,2100,N,,,2020.1.28 1:33,2020.3.12 15:53
GS200104,람원행복한홈스쿨 지역아동센터,1003,지역아동센터,11500,강서구,1003,초등학생,126.853,37.55157,7656,서울특별시 강서구 까치산로 160-5,(12층) (화곡동),02-2065-0692,0,1030,1930,1030,1930,N,1030,1930,2020.1.28 1:33,2020.3.13 10:50
GS200102,열린지역아동센터,1003,지역아동센터,11500,강서구,1003,초등학생,126.85068,37.54016,7724,서울특별시 강서구 초록마을로22길 8-5,2층 (화곡동),02-2607-7374,0,1200,2100,1000,2100,Y,1000,1600,2020.1.28 1:33,2020.3.12 16:01
GS200101,성광행복한지역아동센터,1003,지역아동센터,11500,강서구,1003,초등학생,126.82205,37.57298,7593,서울특별시 강서구 양천로26길 103,202-3호 (방화동 마곡청구아파트),02-2666-0340,0,1030,2100,1100,2100,N,,,2020.1.28 1:33,2020.3.31 15:00
GB200141,나욧지역아동센터,1003,지역아동센터,11305,강북구,1003,초등학생,127.02122,37.64192,1043,서울특별시 강북구 삼각산로 157,(수유동) 23층 (수유동),02-994-1318,0,1000,2200,,,Y,1000,2200,2020.1.28 1:33,2020.2.26 13:25
GB200130,아름다운 땅 지역아동센터,1003,지역아동센터,11305,강북구,1003,초등학생,127.03989,37.62884,1224,서울특별시 강북구 오현로 194,3층 (번동),02-986-9090,0,1000,2000,,,N,,,2020.1.28 1:33,2020.2.27 9:58
GB200128,강북구 공립지역아동센터,1003,지역아동센터,11305,강북구,1003,초등학생,127.0328407,37.63981509,1060,서울특별시 강북구 도봉로96다길 15, (번동),02-900-1987,0,1000,2100,1000,2100,N,,,2020.1.28 1:33,2021.11.2 15:06
GB200129,희망의집 지역아동센터,1003,지역아동센터,11305,강북구,1005,초중생,127.01829,37.62851,1120,서울특별시 강북구 삼양로 280-1, (미아동),02-981-4422,0,1200,2100,1000,1900,N,,,2020.1.28 1:33,2020.1.31 17:59
GB200125,사랑의지역아동센터,1003,지역아동센터,11305,강북구,1003,초등학생,127.02509,37.61515,1208,서울특별시 강북구 삼양로20길 53, (미아동),02-986-5788,0,1030,1930,1030,1930,N,,,2020.1.28 1:33,2021.11.2 15:15
GB200127,동산비젼스쿨지역아동센터,1003,지역아동센터,11305,강북구,1003,초등학생,127.03119,37.61635,1216,서울특별시 강북구 오현로 10,3층 (미아동),02-945-5240,0,1030,2000,,,N,,,2020.1.28 1:33,2020.2.26 14:24
GB200121,서라벌아카데미지역아동센터,1003,지역아동센터,11305,강북구,1003,초등학생,127.01351,37.65807,1005,서울특별시 강북구 삼양로 617,3층 (우이동),02-998-5621,0,1100,2000,1100,2000,N,,,2020.1.28 1:33,2021.11.2 15:12
GB200110,송천동지역아동센터,1003,지역아동센터,11305,강북구,1003,초등학생,127.02282,37.61914,1178,서울특별시 강북구 솔샘로 271, (미아동),02-984-2237,0,1100,2100,,,N,,,2020.1.28 1:33,2020.2.27 9:44
GB200106,삼동지역아동센터,1003,지역아동센터,11305,강북구,1003,초등학생,127.0451,37.6274,1229,서울특별시 강북구 한천로105길 24,201동 212호 (번동 번동2단지주공아파트),02-984-3886,0,1030,1930,1030,1930,N,,,2020.1.28 1:33,2021.11.8 13:42
GB200103,지역아동센터사랑의공부방,1003,지역아동센터,11305,강북구,1003,초등학생,127.04586,37.62553,1230,서울특별시 강북구 한천로105길 33,(번동 유치원상가 3층) (번동),02-987-4988,0,1100,2000,,,N,,,2020.1.28 1:33,2020.3.18 17:35
GD200145,구립함께하는지역아동센터,1003,지역아동센터,11740,강동구,1003,초등학생,127.17232,37.55678,5285,서울특별시 강동구 상일로12길 95,102동 4층 구립함께하는지역아동센터 (강일동 푸르내),02-429-6900,0,1000,1900,,,N,,,2020.1.28 1:33,2020.4.1 13:12
GD200143,구립길리청소년지역아동센터,1003,지역아동센터,11740,강동구,1005,초중생,127.14206,37.53732,5351,서울특별시 강동구 양재대로114길 38,2층 (길동),02-483-1318,0,1000,2100,1000,2100,N,,,2020.1.28 1:33,2020.3.16 17:41
GD200129,서울중심지역아동센터,1003,지역아동센터,11740,강동구,1003,초등학생,127.12795,37.53557,5384,서울특별시 강동구 천호대로162길 34, (성내동 이안강동),02-488-1067,0,1000,2100,,,N,,,2020.1.28 1:33,2020.2.27 13:30
GD200128,오륜레인보우지역아동센터,1003,지역아동센터,11740,강동구,1003,초등학생,127.1325,37.52608,5406,서울특별시 강동구 강동대로53길 73,2층 (성내동),070-7864-5994,0,1000,1900,1000,1900,N,,,2020.1.28 1:33,2020.3.12 11:19
GD200122,길동지역아동센터,1003,지역아동센터,11740,강동구,1003,초등학생,127.14274,37.53563,5350,서울특별시 강동구 천호대로187길 30, (길동),02-485-5551,0,1000,1900,,,N,,,2020.1.28 1:33,2020.3.18 17:38
GD200123,제일강동지역아동센터,1003,지역아동센터,11740,강동구,1003,초등학생,127.14585,37.54465,5298,서울특별시 강동구 양재대로128길 53,301호 (길동),02-470-7542,,,,,,N,,,2020.1.28 1:33,2021.3.31 9:48
GD200120,암사꿈나무지역아동센터,1003,지역아동센터,11740,강동구,1003,초등학생,127.13298,37.54794,5265,서울특별시 강동구 상암로 89, (암사동),02-426-0081,0,1200,2200,1100,2200,Y,1200,1600,2020.1.28 1:33,2020.3.10 18:22
GD200121,나래지역아동센터,1003,지역아동센터,11740,강동구,1003,초등학생,127.14535,37.54186,5304,서울특별시 강동구 천중로53길 21,2층 (길동),02-474-2103,0,1030,1930,,,N,,,2020.1.28 1:33,2021.3.31 9:53
GD200118,명성지역아동센터,1003,지역아동센터,11740,강동구,1003,초등학생,127.13799,37.5446,5312,서울특별시 강동구 천중로35길 73-7, (천호동),02-474-6940,0,1000,1900,,,N,,,2020.1.28 1:33,2020.3.11 10:20
GD200117,아름다운행복한홈스쿨지역아동센터,1003,지역아동센터,11740,강동구,1003,초등학생,127.14488,37.5504,5292,서울특별시 강동구 상암로47길 80-7, (명일동),02-3427-4415,0,1000,1900,,,N,,,2020.1.28 1:33,2020.2.27 13:13
GD200116,들꽃청소년지역아동센터,1003,지역아동센터,11740,강동구,1003,초등학생,127.12642,37.54553,5323,서울특별시 강동구 천중로 39, (천호동),02-478-0504,0,1100,2000,,,N,,,2020.1.28 1:33,2020.2.27 13:09
GD200103,구립우등생지역아동센터,1003,지역아동센터,11740,강동구,1003,초등학생,127.13962,37.5359,5352,서울특별시 강동구 양재대로 1458,6층 (길동),02-2041-7871,0,830,1800,,,N,,,2020.1.28 1:33,2021.3.31 9:51
GD200101,소리마을지역아동센터,1003,지역아동센터,11740,강동구,1003,초등학생,127.13335,37.54576,5320,서울특별시 강동구 구천면로 287-1, (천호동),02-472-3557,0,1000,1900,,,N,,,2020.1.28 1:33,2020.2.27 11:25
EP200173,풍성한지역아동센터,1003,지역아동센터,11380,은평구,1003,초등학생,126.90642,37.59247,3445,서울특별시 은평구 은평터널로7길 2,신성수정아파트 상가동 2층 201호 (신사동 신성수정아파트),02-358-5489,0,900,1900,,,N,,,2020.1.28 1:32,2020.2.20 14:51
EP200172,샘지역아동센터,1003,지역아동센터,11380,은평구,1003,초등학생,126.91439,37.60803,3413,서울특별시 은평구 연서로11길 7-2, (구산동),02-6205-5237,0,1000,1900,,,N,,,2020.1.28 1:32,2020.3.26 15:06
EP200170,비전스쿨지역아동센터,1003,지역아동센터,11380,은평구,1003,초등학생,126.91904,37.58489,3481,서울특별시 은평구 가좌로7나길 17,1층 (응암동),02-307-4812,0,1000,1930,,,N,,,2020.1.28 1:32,2020.2.19 13:25
EP200171,맑은지역아동센터,1003,지역아동센터,11380,은평구,1003,초등학생,126.92168,37.60634,3404,서울특별시 은평구 진흥로9길 8-17,2층 (역촌동),02-6012-6988,0,1000,1900,,,N,,,2020.1.28 1:32,2020.2.20 10:37
EP200168,구립광현청소년 지역아동센터,1003,지역아동센터,11380,은평구,1003,초등학생,126.91611,37.61832,3332,서울특별시 은평구 연서로27길 31-7,지층(갈현동 501-5 (갈현동),02-358-3004,,1100,2200,,,N,,,2020.1.28 1:32,2020.3.26 14:59
EP200166,푸른꿈나무지역아동센터,1003,지역아동센터,11380,은평구,1003,초등학생,126.93291,37.61764,3353,서울특별시 은평구 불광로 121, (불광동),02-389-0554,0,1000,1900,,,N,,,2020.1.28 1:32,2020.2.18 14:27
EP200164,동그라미지역아동센터,1003,지역아동센터,11380,은평구,1003,초등학생,126.91627,37.62433,3318,서울특별시 은평구 갈현로41길 9,2층 (갈현동),02-383-8883,0,1100,2100,,,N,,,2020.1.28 1:32,2020.2.19 9:39
EP200156,갈현지역아동센터,1003,지역아동센터,11380,은평구,1003,초등학생,126.91692,37.6219,3329,서울특별시 은평구 갈현로 282, (갈현동),02-358-1554,0,1000,2200,,,N,,,2020.1.28 1:32,2020.3.12 17:49
EP200154,소망의집지역아동센터,1003,지역아동센터,11380,은평구,1003,초등학생,126.92382,37.60922,3392,서울특별시 은평구 역말로10길 30-1,(대조동 68-5) 3층 (대조동),070-4139-5223,0,1000,1900,,,N,,,2020.1.28 1:32,2020.3.26 15:09
EP200148,진관지역아동센터,1003,지역아동센터,11380,은평구,1003,초등학생,126.92013,37.63573,3306,서울특별시 은평구 진관2로 29-12, (진관동),02-389-1083,0,1000,1900,,,N,,,2020.1.28 1:32,2020.2.21 9:10
EP200146,비단산지역아동센터,1003,지역아동센터,11380,은평구,1003,초등학생,126.90808,37.59372,3444,서울특별시 은평구 은평터널로 164,203호 205호 (신사동 현대1차아파트),070-7716-0688,0,1000,1900,,,N,,,2020.1.28 1:32,2020.2.20 13:24
EP200144,그루터기지역아동센터,1003,지역아동센터,11380,은평구,1003,초등학생,126.91557,37.61499,3335,서울특별시 은평구 연서로21길 19,3층 (갈현동),02-389-4443,0,1000,1900,,,N,,,2020.1.28 1:32,2020.2.19 9:43
EP200140,은평지역아동센터 열린학교,1003,지역아동센터,11380,은평구,1003,초등학생,126.93305,37.6013,3383,서울특별시 은평구 은평로 227,3층 (녹번동),02-353-2268,0,1000,1900,,,N,,,2020.1.28 1:32,2020.2.18 14:00
EP200138,조은아이들지역아동센터,1003,지역아동센터,11380,은평구,1003,초등학생,126.93021,37.61283,3355,서울특별시 은평구 통일로68길 15,2층 (불광동),02-356-1453,0,1000,2030,,,N,,,2020.1.28 1:32,2020.2.18 14:22
EP200136,광현지역아동센터,1003,지역아동센터,11380,은평구,1003,초등학생,126.91611,37.61832,3332,서울특별시 은평구 연서로27길 31-7,2층 (갈현동),02-385-9320,0,1000,1900,,,N,,,2020.1.28 1:32,2020.2.19 9:48
EP200134,누리사랑지역아동센터,1003,지역아동센터,11380,은평구,1003,초등학생,126.91268,37.5921,3442,서울특별시 은평구 증산로 401-18,(신사동98-29) (신사동),02-308-7982,0,1000,2200,,,N,,,2020.1.28 1:32,2020.2.20 12:59
YS200120,풍성한 지역아동센터,1003,지역아동센터,11170,용산구,1003,초등학생,126.99877,37.52881,4414,서울특별시 용산구 보광로 54,2층 (보광동),02-794-4060,0,1100,2000,1100,2000,N,,,2020.1.28 1:32,2020.3.16 11:11
YS200118,한살림서울생활협동조합 용산지역아동센터,1003,지역아동센터,11170,용산구,1003,초등학생,126.96481,37.5483,4306,서울특별시 용산구 효창원로94길 23,4층 (청파동1가),02-711-8111,0,1000,1900,900,1700,N,,,2020.1.28 1:32,2020.3.31 14:49
YS200117,빛나라공부방(지역아동센터),1003,지역아동센터,11170,용산구,1003,초등학생,126.9752111,37.55098386,4324,서울특별시 용산구 한강대로104길 41, (동자동),02-756-3045,0,1100,2000,1000,2000,N,,,2020.1.28 1:32,2020.3.31 14:44
YS200114,소망을찾는이,1003,지역아동센터,11170,용산구,1003,초등학생,126.97568,37.54701,4335,서울특별시 용산구 두텁바위로1길 70, (후암동),02-3789-1216,0,1100,2030,1000,1900,Y,1000,1400,2020.1.28 1:32,2020.3.16 10:53
YF200136,돌봄누리 지역아동센터,1003,지역아동센터,11560,영등포구,1003,초등학생,126.90414,37.49418,7429,서울특별시 영등포구 디지털로69가길 2,2층 (대림동,02-842-7179,,,,,,N,,,2020.1.28 1:32,2021.5.27 17:46
YF200132,구립푸르름지역아동센터,1003,지역아동센터,11560,영등포구,1003,초등학생,126.91709,37.51345,7317,서울특별시 영등포구 영등포로64길 15,유스스퀘어 소통관 1층 (신길동),02-841-0818,0,1400,1900,,,N,,,2020.1.28 1:32,2020.3.4 15:29
YF200134,대림2동지역아동센터,1003,지역아동센터,11560,영등포구,1003,초등학생,126.89808,37.49263,7419,서울특별시 영등포구 대림로23길 27,34층 (대림동),02-6677-0909,0,1400,1900,,,N,,,2020.1.28 1:32,2020.3.9 11:01
YF200130,조이드림지역아동센터,1003,지역아동센터,11560,영등포구,1005,초중생,126.89948,37.52923,7220,서울특별시 영등포구 당산로38길 9-3,1층 조이드림지역아동센터 (당산동4가),070-4257-9191,0,1100,2000,1000,1900,N,,,2020.1.28 1:32,2020.3.11 11:49
YF200128,다사랑영등포지역아동센터,1003,지역아동센터,11560,영등포구,1003,초등학생,126.915,37.50759,7362,서울특별시 영등포구 신길로42길 35,삼성래미안아파트 111동 903호 (신길동 삼성래미안아파트),070-7779-5007,0,1400,1900,,,N,,,2020.1.28 1:32,2020.3.5 9:16
YF200126,두날개지역아동센터,1003,지역아동센터,11560,영등포구,1003,초등학생,126.8963,37.49945,7378,서울특별시 영등포구 가마산로 333,대림동 유현빌딩 (대림동),02-824-3796,0,1400,1900,,,N,,,2020.1.28 1:32,2020.3.5 9:19
YF200124,솔로몬지역아동센터,1003,지역아동센터,11560,영등포구,1005,초중생,126.89042,37.54248,7201,서울특별시 영등포구 양평로30가길 19,(양평동6가 동양아파트)  상가2층 204호 (양평동6가),02-2678-7934,0,1000,2200,1000,2200,N,,,2020.1.28 1:32,2020.3.9 17:13
YF200121,한울지역아동센터,1003,지역아동센터,11560,영등포구,1003,초등학생,126.89963,37.50116,7402,서울특별시 영등포구 가마산로46가길 10,2층 (대림동),070-8621-5023,0,1100,2000,1100,2000,Y,900,1330,2020.1.28 1:32,2020.3.10 17:31
YF200117,한믿음지역아동센터,1003,지역아동센터,11560,영등포구,1003,초등학생,126.90892,37.49862,7436,서울특별시 영등포구 대방천로12길 5-2,(신길동 한믿음장로교회) (신길동),070-7561-9229,0,1400,1900,,,N,,,2020.1.28 1:32,2020.3.5 10:46
YF200112,사르넬리지역아동센터,1003,지역아동센터,11560,영등포구,1003,초등학생,126.90479,37.49567,7428,서울특별시 영등포구 대림로22길 40, (대림동 지성 유치원),02-846-2094,0,1400,1900,,,N,,,2020.1.28 1:32,2020.3.5 9:41
YF200110,푸른공부방지역아동센터,1003,지역아동센터,11560,영등포구,1003,초등학생,126.89828,37.52361,7265,서울특별시 영등포구 양산로 138-1,(당산동1가) ,02-2672-2572,0,1000,2200,1000,2200,Y,1300,1900,2020.1.28 1:32,2020.3.9 17:24
YF200108,햇살가득지역아동센터,1003,지역아동센터,11560,영등포구,1005,초중생,126.89789,37.50703,7374,서울특별시 영등포구 도신로15라길 2,(도림동 고려빌딩 2층) (도림동),02-831-6595,0,1100,2200,1100,2200,N,,,2020.1.28 1:32,2020.3.9 12:17
YF200101,영등포좋은나무지역아동센터,1003,지역아동센터,11560,영등포구,1003,초등학생,126.89309,37.52441,7263,서울특별시 영등포구 양산로 90-1,(당산동2가 두선빌딩) (당산동2가),02-2679-5649,0,1400,1900,,,N,,,2020.1.28 1:32,2020.3.5 10:10
YC200151,기린청소년지역아동센터,1003,지역아동센터,11470,양천구,1003,초등학생,126.87121,37.54117,7976,서울특별시 양천구 목동중앙본로18길 39,2층 (목동),02-2647-7179,0,1200,2100,,,N,,,2020.1.28 1:32,2020.2.3 16:22
YC200147,예람지역아동센터,1003,지역아동센터,11470,양천구,1003,초등학생,126.82827,37.53699,7905,서울특별시 양천구 화곡로4길 28,1~2층 (신월동),02-2605-7799,0,1030,2000,,,N,,,2020.1.28 1:32,2020.2.4 11:29
YC200145,섬나지역아동센터,1003,지역아동센터,11470,양천구,1003,초등학생,126.85972,37.52257,8021,서울특별시 양천구 은행정로 32,3층 (신정동),02-6403-8046,0,1030,1930,,,N,,,2020.1.28 1:32,2020.2.4 13:20
YC200143,드림지역아동센터,1003,지역아동센터,11470,양천구,1003,초등학생,126.83318,37.53139,7921,서울특별시 양천구 남부순환로61길 13,201호 (신월동),02-2697-3337,0,1000,2100,,,N,,,2020.1.28 1:31,2020.3.24 16:55
YC200138,초록나무학교,1003,지역아동센터,11470,양천구,1003,초등학생,126.85666,37.52244,8027,서울특별시 양천구 오목로38길 29,2층 (신정동),070-7397-0312,0,1000,1900,,,N,,,2020.1.28 1:31,2020.2.4 13:26
YC200136,우리지역아동센터,1003,지역아동센터,11470,양천구,1003,초등학생,126.84657,37.52441,7934,서울특별시 양천구 중앙로51길 36,2층 (신월동),070-4306-6712,0,1000,1900,,,N,,,2020.1.28 1:31,2020.2.4 10:46
YC200127,비둘기지역아동센터,1003,지역아동센터,11470,양천구,1003,초등학생,126.83624,37.5185,8042,서울특별시 양천구 지양로3길 7, (신월동),02-2694-7478,0,1000,1900,,,N,,,2020.1.28 1:31,2020.2.4 13:09
YC200129,옹달샘지역아동센터,1003,지역아동센터,11470,양천구,1003,초등학생,126.83937,37.52155,7928,서울특별시 양천구 오목로 15,2층 (신월동),02-2690-1813,0,930,2100,,,N,,,2020.1.28 1:31,2020.2.4 11:26
YC200125,아름드리지역아동센터,1003,지역아동센터,11470,양천구,1003,초등학생,126.87608,37.51901,8015,서울특별시 양천구 신목로2길 11,304호 (신정동 청구아파트),02-2643-1296,0,1000,1900,,,N,,,2020.1.28 1:31,2020.2.4 13:15
YC200121,밝은내지역아동센터,1003,지역아동센터,11470,양천구,1003,초등학생,126.84735,37.52005,8061,서울특별시 양천구 신월로24길 19, (신월동),070-8133-2463,0,1000,1900,,,N,,,2020.1.28 1:31,2020.2.4 10:27
YC200119,암미신월지역아동센터,1003,지역아동센터,11470,양천구,1003,초등학생,126.82428,37.53594,7909,서울특별시 양천구 가로공원로55길 16, (신월동),02-2602-3407,0,1100,2000,,,N,,,2020.1.28 1:31,2020.2.4 11:05
YC200115,강서성결행복한홈스쿨,1003,지역아동센터,11470,양천구,1003,초등학생,126.83767,37.52889,7925,서울특별시 양천구 월정로19길 11,3층 (신월동),02-2694-0205,0,1030,1930,,,N,,,2020.1.28 1:31,2020.2.3 17:37
YC200113,그리스도의교회지역아동센터,1003,지역아동센터,11470,양천구,1003,초등학생,126.86571,37.53872,7958,서울특별시 양천구 목동중앙남로 57-7,2층 (목동),02-2653-8009,0,1000,1900,,,Y,,,2020.1.28 1:31,2020.2.3 16:36
YC200111,선한지역아동센터,1003,지역아동센터,11470,양천구,1003,초등학생,126.86422,37.54369,7951,서울특별시 양천구 목동중앙남로16다길 28, (목동),02-2643-8584,0,1030,1930,,,Y,1030,1930,2020.1.28 1:31,2020.3.24 16:39
YC200109,푸른나래지역아동센터,1003,지역아동센터,11470,양천구,1003,초등학생,126.82752,37.53648,7909,서울특별시 양천구 남부순환로 340,2층 (신월동),02-2694-7909,0,1000,1930,,,N,,,2020.1.28 1:31,2020.2.4 11:08
YC200105,샘물지역아동센터,1003,지역아동센터,11470,양천구,1003,초등학생,126.87329,37.54638,7968,서울특별시 양천구 목동중앙북로 91,2층 (목동),02-2651-2122,0,1000,1900,,,Y,1000,1900,2020.1.28 1:31,2020.3.24 16:36
YC200103,한누리학교지역아동센터,1003,지역아동센터,11470,양천구,1003,초등학생,126.83676,37.51645,8044,서울특별시 양천구 신월로 117,2층 (신월동),02-2695-6507,0,1100,2000,,,N,,,2020.1.28 1:31,2020.2.4 13:12
YC200101,연세지역아동센터,1003,지역아동센터,11470,양천구,1003,초등학생,126.84596,37.52191,8028,서울특별시 양천구 신월로27길 16,2층 (신월동),070-7404-9193,0,1000,1900,,,N,,,2020.1.28 1:31,2020.2.4 10:30
SP200132,삼전지역아동센터,1003,지역아동센터,11710,송파구,1003,초등학생,127.09008,37.50604,5599,서울특별시 송파구 삼전로10길 3,2층(삼전동) (삼전동),02-6959-9955,0,1000,1900,1000,1900,N,,,2020.1.28 1:31,2020.3.12 15:45
SP200130,도담지역아동센터,1003,지역아동센터,11710,송파구,1003,초등학생,127.12059,37.53716,5518,서울특별시 송파구 풍성로23길 41,2층 (풍납동),02-475-7710,0,1000,1900,,,N,,,2020.1.28 1:31,2020.3.10 16:00
SP200112,해오름지역아동센터,1003,지역아동센터,11710,송파구,1005,초중생,127.10732,37.50267,5686,서울특별시 송파구 백제고분로40길 23,2층 (석촌동),02-413-7661,0,1030,1930,1030,1930,N,,,2020.1.28 1:31,2020.3.13 17:42
SP200108,새비전지역아동센터,1003,지역아동센터,11710,송파구,1003,초등학생,127.1415,37.49777,5736,서울특별시 송파구 거마로7길 44,2층 (거여동),070-8952-8028,0,1000,1900,1000,1900,Y,1100,1700,2020.1.28 1:31,2020.3.10 11:12
SP200107,아름다운지역아동센터,1003,지역아동센터,11710,송파구,1003,초등학생,127.12593,37.49623,5824,서울특별시 송파구 중대로16길 9,3층 (가락동),02-449-4859,0,1000,1900,1000,1900,N,,,2020.1.28 1:31,2020.3.11 12:33
SP200105,기쁨지역아동센터,1003,지역아동센터,11710,송파구,1003,초등학생,127.1276,37.48445,5809,서울특별시 송파구 송이로34길 55,1층 (문정동),02-406-7059,0,800,2200,,,N,,,2020.1.28 1:31,2020.2.28 9:07
SP200103,R&T지역아동센터,1003,지역아동센터,11710,송파구,1003,초등학생,127.13486,37.50623,5724,서울특별시 송파구 중대로36길 17,2층 (오금동),02-409-6612,0,1030,1930,,,Y,1130,1630,2020.1.28 1:31,2020.3.11 14:35
SP200101,솔빛지역아동센터,1003,지역아동센터,11710,송파구,1005,초중생,127.14303,37.49886,5736,서울특별시 송파구 성내천로18길 1,12층(거여동) (거여동),02-431-7979,0,1030,2100,,,N,,,2020.1.28 1:31,2020.3.10 15:12
SB200149,구립삼선동꿈나무키우미돌봄센터,1003,지역아동센터,11290,성북구,1003,초등학생,127.01336,37.58574,2870,서울특별시 성북구 보문로29길 101, (삼선동3가),070-7555-5796,0,1100,1900,,,N,,,2020.1.28 1:31,2020.2.3 14:06
SB200146,구립종암동꿈나무키우미돌봄센터,1003,지역아동센터,11290,성북구,1003,초등학생,127.03375,37.59875,2804,서울특별시 성북구 종암로19길 18, (종암동),070-4348-2084,0,1100,1900,,,N,,,2020.1.28 1:31,2020.2.3 14:12
SB200143,구립 석관동 꿈나무키우미 돌봄센터,1003,지역아동센터,11290,성북구,1003,초등학생,127.06088,37.61144,2783,서울특별시 성북구 한천로79길 14-14, (석관동),02-959-8790,0,1100,1900,,,N,,,2020.1.28 1:31,2020.2.3 14:08
SB200141,구립 길음동 꿈나무키우미 돌봄센터,1003,지역아동센터,11290,성북구,1003,초등학생,127.01948,37.60666,2720,서울특별시 성북구 서경로6길 70, (길음동),02-910-7708,50000,1100,1900,,,N,,,2020.1.28 1:31,2020.2.3 13:48
SB200139,푸른하늘 지역아동센터,1003,지역아동센터,11290,성북구,1003,초등학생,127.05977,37.61109,2783,서울특별시 성북구 화랑로38길 21,3층 (석관동),070-8162-9757,0,1100,1900,,,N,,,2020.1.28 1:31,2020.8.14 16:29
SB200137,돈암동교회 모퉁이돌 지역아동센터,1003,지역아동센터,11290,성북구,1003,초등학생,127.01486,37.59817,2827,서울특별시 성북구 아리랑로6가길 37, (동선동5가),070-7136-4403,0,1100,1900,,,N,,,2020.1.28 1:31,2020.2.3 14:49
SB200133,꿈나래 지역아동센터,1003,지역아동센터,11290,성북구,1003,초등학생,127.01455,37.60314,2815,서울특별시 성북구 정릉로 282,3층 (정릉동),02-913-8182,0,1100,1900,,,N,,,2020.1.28 1:31,2020.2.3 14:15
SB200129,마가렛 지역아동센터,1003,지역아동센터,11290,성북구,1003,초등학생,126.99446,37.5932,2879,서울특별시 성북구 성북로23길 22-13, (성북동),02-741-3029,0,1100,1900,,,N,,,2020.1.28 1:31,2020.2.3 14:28
SB200125,밤골아이네공부방,1003,지역아동센터,11290,성북구,1003,초등학생,127.03355,37.60443,2740,서울특별시 성북구 화랑로1길 26-3, (하월곡동),02-942-1870,0,1100,1900,,,N,,,2020.1.28 1:31,2020.2.3 15:02
SB200121,꿈터 지역아동센터,1003,지역아동센터,11290,성북구,1003,초등학생,127.01175,37.58853,2863,서울특별시 성북구 삼선교로 54, (삼선동3가),02-742-3384,0,1100,1900,,,N,,,2020.1.28 1:31,2020.2.3 14:19
SB200123,성심의집 지역아동센터,1003,지역아동센터,11290,성북구,1003,초등학생,127.04909,37.61209,2769,서울특별시 성북구 장월로10길 8, (장위동),02-941-4139,0,1100,1900,,,N,,,2020.1.28 1:31,2020.2.3 15:19
SB200119,목자 지역아동센터,1003,지역아동센터,11290,성북구,1003,초등학생,127.03446,37.60617,2739,서울특별시 성북구 종암로36길 53, (하월곡동),02-913-8733,0,1100,1900,,,N,,,2020.1.28 1:31,2020.2.3 14:50
SB200117,큰나무학교 지역아동센터,1003,지역아동센터,11290,성북구,1003,초등학생,127.02238,37.58939,2843,서울특별시 성북구 보문로30가길 41-6, (안암동1가),02-923-7509,0,1100,1900,,,N,,,2020.1.28 1:31,2020.2.3 15:39
SB200113,월곡 지역아동센터,1003,지역아동센터,11290,성북구,1003,초등학생,127.02963,37.60513,2734,서울특별시 성북구 동소문로42나길 26-15, (하월곡동),02-914-4302,0,1100,1900,,,N,,,2020.1.28 1:31,2020.2.3 15:29
SB200109,아낌없이 주는 나무 지역아동센터,1003,지역아동센터,11290,성북구,1003,초등학생,127.03626,37.59651,2800,서울특별시 성북구 종암로14길 12-16, (종암동),02-909-0775,0,1100,1900,,,N,,,2020.1.28 1:31,2020.2.3 15:26
SB200107,성모의 집,1003,지역아동센터,11290,성북구,1003,초등학생,127.00263,37.61542,2705,서울특별시 성북구 보국문로29가길 24, (정릉동),02-909-0890,0,1100,1900,,,N,,,2020.1.28 1:31,2020.2.3 15:17
SM200120,나무를심는학교,1003,지역아동센터,11410,서대문구,1003,초등학생,126.9548,37.56288,3762,서울특별시 서대문구 북아현로11가길 18, (북아현동),02-362-2147,0,1000,1900,1000,1900,N,,,2020.1.28 1:31,2021.11.5 10:59
SB200103,다솔 지역아동센터,1003,지역아동센터,11290,성북구,1003,초등학생,127.05411,37.61337,2770,서울특별시 성북구 돌곶이로31길 3, (장위동),02-909-0739,0,1100,1900,,,N,,,2020.1.28 1:31,2020.3.23 9:24
SB200101,장위지역아동센터밀알학교,1003,지역아동센터,11290,성북구,1003,초등학생,127.05107,37.61546,2767,서울특별시 성북구 돌곶이로 157,4층 (장위동),02-916-3004,0,1100,1900,,,N,,,2020.1.28 1:31,2020.2.3 15:31
SD200114,무학지역아동센터,1003,지역아동센터,11200,성동구,1003,초등학생,127.02794,37.56282,4710,서울특별시 성동구 왕십리로31나길 22,3-102 (하왕십리동 한신무학아파트),02-2294-0388,0,1000,1900,,,N,,,2020.1.28 1:30,2020.2.6 16:22
SD200115,달마학교 지역아동센터,1003,지역아동센터,11200,성동구,1003,초등학생,127.04985,37.53802,4775,서울특별시 성동구 성덕정길 58,4층 (성수동1가),02-462-2289,0,1200,2100,,,N,,,2020.1.28 1:30,2020.2.6 15:52
SD200110,중동지역아동센터,1003,지역아동센터,11200,성동구,1003,초등학생,127.04321,37.54766,4768,서울특별시 성동구 서울숲6길 15, (성수동1가),02-498-8544,0,1100,2000,,,N,,,2020.1.28 1:30,2020.2.6 15:48
SD200106,성동좋은이웃지역아동센터,1003,지역아동센터,11200,성동구,1003,초등학생,127.05509,37.56191,4805,서울특별시 성동구 용답중앙길 94,2층 (용답동),02-6052-5440,0,1000,1900,,,N,,,2020.1.28 1:30,2020.2.6 15:55
SD200108,지역아동센터 도깨비방망이 공부방,1003,지역아동센터,11200,성동구,1003,초등학생,127.05124,37.53789,4775,서울특별시 성동구 성덕정길 70,2층 (성수동1가),02-465-7251,0,1000,2000,,,Y,1000,1300,2020.1.28 1:30,2020.3.26 13:34
SD200104,조이스터디,1003,지역아동센터,11200,성동구,1003,초등학생,127.03526,37.56944,4704,서울특별시 성동구 청계천로10다길 34-14,3층 (마장동),02-2282-5694,0,1000,1900,,,N,,,2020.1.28 1:30,2020.2.6 16:20
SD200102,우리들공부방지역아동센터,1003,지역아동센터,11200,성동구,1003,초등학생,127.05463,37.54191,4781,서울특별시 성동구 성수일로4가길 7, (성수동2가),02-497-6335,0,1100,2000,,,N,,,2020.1.28 1:30,2020.3.26 13:36
SD200101,사과나무열림터 지역아동센터,1003,지역아동센터,11200,성동구,1003,초등학생,127.03217,37.55932,4714,서울특별시 성동구 왕십리로21다길 20-9,2층 (행당동),02-2291-9442,0,1100,2000,,,N,,,2020.1.28 1:30,2020.2.6 15:45
SC200117,구립 방배동 지역아동센터,1003,지역아동센터,11650,서초구,1003,초등학생,126.98881,37.4865,6570,서울특별시 서초구 서초대로 59,2층(방배동) (방배동),02-3478-1027,0,1000,1900,1000,1900,N,,,2020.1.28 1:30,2020.3.5 17:39
SC200115,구립 우면동 지역아동센터,1003,지역아동센터,11650,서초구,1005,초중생,127.02552,37.46942,6763,서울특별시 서초구 바우뫼로4길 6,지하1 지상2층(우면동) (우면동),02-573-9811,0,1000,1900,1000,1900,N,,,2020.1.28 1:30,2020.3.5 17:41
SC200113,우면지역아동센터,1003,지역아동센터,11650,서초구,1005,초중생,127.02534,37.46432,6764,서울특별시 서초구 태봉로 68,401호 (우면동),02-537-9871,0,1030,1930,1030,1930,Y,1000,1500,2020.1.28 1:30,2020.3.24 16:25
SC200109,하나복지지역아동센터,1003,지역아동센터,11650,서초구,1005,초중생,126.98381,37.48262,6677,서울특별시 서초구 방배천로18길 20,4층 (방배동),02-523-0153,0,900,2200,900,2200,Y,1000,1900,2020.1.28 1:30,2020.3.5 17:18
SC200111,강남지역아동센터,1003,지역아동센터,11650,서초구,1005,초중생,127.02125,37.50436,6542,서울특별시 서초구 강남대로79길 52-5,4층 강남지역아동센터 (반포동),02-543-8798,0,1200,2100,1000,1900,N,,,2020.1.28 1:30,2020.3.5 17:54
SC200107,여의칸지역아동센터,1003,지역아동센터,11650,서초구,1005,초중생,126.98823,37.48635,6570,서울특별시 서초구 서초대로 53,2층 (방배동),02-588-1519,0,1100,2000,1100,2000,Y,1030,1400,2020.1.28 1:30,2020.3.24 16:10
SC200103,서초지역아동센터,1003,지역아동센터,11650,서초구,1005,초중생,126.98461,37.48062,6677,서울특별시 서초구 방배천로8길 35-3,2층 (방배동),02-522-9526,0,1000,2000,1000,2000,Y,1000,1500,2020.1.28 1:30,2020.3.5 14:34
SC200101,큰사랑공부방,1003,지역아동센터,11650,서초구,1005,초중생,126.99501,37.48256,6685,서울특별시 서초구 방배로13길 29,2층 (방배동),02-585-8185,0,1030,1930,1030,1930,Y,1100,1700,2020.1.28 1:30,2020.3.24 16:06
SM200118,새로핌지역아동센터,1003,지역아동센터,11410,서대문구,1003,초등학생,126.9246,37.57723,3666,서울특별시 서대문구 증가로 118,2층 (남가좌동),02-6015-6339,0,1100,2000,,,N,,,2020.1.28 1:30,2020.9.10 10:45
SM200114,구립가재울지역아동센터,1003,지역아동센터,11410,서대문구,1003,초등학생,126.90905,37.57817,3714,서울특별시 서대문구 거북골로 195-1, (북가좌동),02-376-1762,0,1100,2000,,,Y,1100,2000,2020.1.28 1:30,2020.9.10 10:44
SM200110,청소년1318해피존나무를심는학교,1003,지역아동센터,11410,서대문구,1003,초등학생,126.95786,37.56389,3749,서울특별시 서대문구 북아현로14길 55, (북아현동),070-8156-2147,0,1100,2000,,,N,,,2020.1.28 1:30,2020.9.10 10:46
SM200108,다락지역아동센터,1003,지역아동센터,11410,서대문구,1003,초등학생,126.95448,37.57296,3733,서울특별시 서대문구 독립문공원길 95, (현저동),02-392-3335,0,1000,1900,,,N,,,2020.1.28 1:30,2020.9.10 10:45
MP200115,행복무지개공부방지역아동센터,1003,지역아동센터,11440,마포구,1003,초등학생,126.91528,37.55785,3998,서울특별시 마포구 성미산로10길 36,2층 (서교동),070-7504-0238,0,1000,1900,1000,1900,N,,,2020.1.28 1:30,2020.3.18 16:45
MP200112,옥토지역아동센터,1003,지역아동센터,11440,마포구,1005,초중생,126.9348834,37.54430978,4091,서울특별시 마포구 토정로16길 19,1층 (현석동) ,070-8262-5194,0,1100,1900,,,N,,,2020.1.28 1:30,2020.3.13 15:57
MP200110,시냇가에 심은 나무,1003,지역아동센터,11440,마포구,1003,초등학생,126.95136,37.54113,4169,서울특별시 마포구 새창로4라길 3,2층 (도화동),070-7527-9342,0,1000,1900,1100,1800,N,,,2020.1.28 1:30,2020.4.26 19:52
MP200106,성산행복한홈스쿨,1003,지역아동센터,11440,마포구,1003,초등학생,126.9082,37.55062,4021,서울특별시 마포구 포은로 30, (합정동),02-3143-2330,0,1100,2000,,,N,,,2020.1.28 1:30,2020.3.12 9:09
MP200104,지역아동센터 나눔공부방,1003,지역아동센터,11440,마포구,1005,초중생,126.94491,37.55012,4136,서울특별시 마포구 대흥로20길 16,격암빌딩 2층 (대흥동),02-363-2697,0,1000,2200,1000,2200,Y,900,1800,2020.1.28 1:30,2020.11.6 17:49
MP200102,옹달샘 지역아동센터,1003,지역아동센터,11440,마포구,1003,초등학생,126.9098,37.55282,4022,서울특별시 마포구 월드컵로7길 41,1층 (합정동),02-3141-9413,0,1000,2000,,,N,,,2020.1.28 1:30,2020.3.13 17:57
NW200198,구립하계지역아동센터,1003,지역아동센터,11350,노원구,1003,초등학생,127.07335,37.64345,1748,서울특별시 노원구 노원로16길 15,하계종합사회복지관 3층 (하계동 중계주공9단지아파트),02-973-1655,0,1000,1900,1000,1900,Y,1000,1500,2020.1.27 1:30,2020.3.17 15:15
NW200197,구립한내지혜의숲지역아동센터,1003,지역아동센터,11350,노원구,1003,초등학생,127.06878,37.62359,1912,서울특별시 노원구 마들로 86,(월계3동 한내근린공원내) (월계동),070-4286-3687,0,1000,1900,900,1800,N,,,2020.1.27 1:30,2020.3.17 17:58
NW200199,구립수락지역아동센터,1003,지역아동센터,11350,노원구,1003,초등학생,127.05958,37.67464,1626,서울특별시 노원구 동일로242길 77,(상계동수락행복발전소 2층) (상계동),070-7716-9905,0,1000,1900,900,1800,N,,,2020.1.27 1:30,2020.3.17 15:26
NW200195,구립꿈나무지역아동센터,1003,지역아동센터,11350,노원구,1003,초등학생,127.06123,37.6327,1864,서울특별시 노원구 월계로55길 16, (월계동 월계사슴2단지아파트),02-978-7555,0,1000,1900,930,1830,N,,,2020.1.27 1:30,2020.3.31 14:22
NW200193,공립불암골지역아동센터,1003,지역아동센터,11350,노원구,1003,초등학생,127.08272,37.65075,1722,서울특별시 노원구 중계로14길 53,(중계본동/ 불암골행복발전소 내) (중계동),02-3392-5266,0,1000,1900,930,1830,N,,,2020.1.27 1:30,2020.3.17 13:47
NW200194,구립노원1지역아동센터,1003,지역아동센터,11350,노원구,1003,초등학생,127.06123,37.6327,1864,서울특별시 노원구 월계로55길 16,관리동 1층(월계사슴A 2단지) (월계동 월계사슴2단지아파트),02-972-0704,0,1000,1900,1000,1800,N,,,2020.1.27 1:30,2020.3.17 15:01
NW200192,구립공릉행복지역아동센터,1003,지역아동센터,11350,노원구,1003,초등학생,127.07281,37.62206,1857,서울특별시 노원구 동일로179길 22,3층(공릉1동/ 행복발전소 내) (공릉동),02-976-3824,0,1000,1900,900,1800,N,,,2020.1.27 1:30,2020.3.17 13:17
NW200191,구립초안산숲속지역아동센터,1003,지역아동센터,11350,노원구,1003,초등학생,127.04448,37.63203,1870,서울특별시 노원구 덕릉로60길 199,(월계2동 / 초안1단지아파트 인접) (월계동),02-905-3900,0,1000,1900,900,1800,N,,,2020.1.27 1:30,2020.3.31 13:21
NW200190,구립공릉지역아동센터,1003,지역아동센터,11350,노원구,1003,초등학생,127.07037,37.63026,1851,서울특별시 노원구 동일로 1127,본관3층(공릉1동 / 공릉종합사회복지관) (공릉동 공릉1단지아파트),02-975-2464,0,1000,1900,900,1800,N,,,2020.1.27 1:30,2020.3.17 13:04
NW200189,구립상계숲속지역아동센터,1003,지역아동센터,11350,노원구,1003,초등학생,127.05044,37.66944,1618,서울특별시 노원구 동일로227길 106,(상계8동 / 상계주공16단지 근린공원내) (상계동),070-7732-7370,0,1000,1900,,,N,,,2020.1.27 1:30,2020.3.17 11:18
NW200188,구립월계지역아동센터,1003,지역아동센터,11350,노원구,1003,초등학생,127.05287,37.62725,1881,서울특별시 노원구 초안산로1길 51,2층(월계2동 / 월계종합사회복지관) (월계동),02-997-4216,0,1000,1900,900,1800,N,,,2020.1.27 1:30,2020.3.31 13:19
NW200185,신나는지역아동센터,1003,지역아동센터,11350,노원구,1003,초등학생,127.08242,37.64811,1725,서울특별시 노원구 중계로14가길 29,3층 (중계동),02-934-4933,0,1000,1900,900,1800,N,,,2020.1.27 1:30,2020.3.16 17:56
NW200187,구립상계3.4동지역아동센터,1003,지역아동센터,11350,노원구,1001,영유아,127.08323,37.67293,1633,서울특별시 노원구 덕릉로 859,3층(상계34동 / 상계3.4동주민센터) (상계동),02-952-5748,0,1000,1900,930,1830,N,,,2020.1.27 1:30,2020.3.17 10:04
NW200186,구립상계1동지역아동센터,1003,지역아동센터,11350,노원구,1003,초등학생,127.05495,37.67991,1604,서울특별시 노원구 동일로 1697,2층(상계1동 / 상계1동주민센터) (상계동),02-2116-2734,0,1000,1900,900,1800,N,,,2020.1.27 1:30,2020.3.17 9:25
NW200183,열림지역아동센터,1003,지역아동센터,11350,노원구,1003,초등학생,127.0513,37.67192,1614,서울특별시 노원구 동일로231다길 6,(상계1동/ 열림교회 내) (상계동),02-936-7574,0,1200,2100,1000,1900,N,,,2020.1.27 1:30,2020.3.16 15:53
NW200181,샛별지역아동센터,1003,지역아동센터,11350,노원구,1003,초등학생,127.05022,37.6736,1610,서울특별시 노원구 동일로237길 92,301호(상계동 노일초 인근) (상계동),02-932-5048,0,1100,2000,900,1800,N,,,2020.1.27 1:30,2020.3.16 14:55
NW200182,금빛지역아동센터,1003,지역아동센터,11350,노원구,1003,초등학생,127.07141,37.65792,1698,서울특별시 노원구 상계로26길 20,3층 (상계2동 / 대동아파트 상가) (상계동 대동청솔아파트),02-939-7712,0,1100,2000,1100,2000,N,,,2020.1.27 1:30,2020.3.16 15:59
NW200180,마음터지역아동센터,1003,지역아동센터,11350,노원구,1003,초등학생,127.0826,37.67209,1634,서울특별시 노원구 덕릉로 849,(한양탁구장 3층) (상계동),02-932-5972,0,1200,2100,1200,2100,N,,,2020.1.27 1:30,2020.3.16 14:44
NW200178,태릉지역아동센터,1003,지역아동센터,11350,노원구,1003,초등학생,127.07612,37.61907,1849,서울특별시 노원구 동일로174길 9-4,2층(공릉1동 / 태릉역 4번출구 인근) (공릉동),070-8163-5591,0,1000,1900,1000,1900,N,,,2020.1.27 1:30,2020.3.16 15:11
KC200125,함께하는사랑밭독산지역아동센터,1003,지역아동센터,11545,금천구,1003,초등학생,126.90854,37.47663,8551,서울특별시 금천구 문성로 44, (독산동),070-8781-3808,0,1000,1900,,,N,,,2020.1.27 1:30,2020.2.5 10:52
KC200124,CLC희망학교,1003,지역아동센터,11545,금천구,1003,초등학생,126.89851,37.46099,8619,서울특별시 금천구 시흥대로 306,3층 (독산동),02-6268-1419,0,1300,2200,,,N,,,2020.1.27 1:30,2021.5.26 9:22
KC200122,신광지역아동센터,1003,지역아동센터,11545,금천구,1003,초등학생,126.88658,37.45738,8598,서울특별시 금천구 한내로 69-15, (독산동 주공13단지아파트),070-8621-5762,0,1100,2000,,,N,,,2020.1.27 1:30,2020.3.25 17:34
KC200118,살구지역아동센터,1003,지역아동센터,11545,금천구,1003,초등학생,126.90026,37.47514,8539,서울특별시 금천구 시흥대로148길 27,2층 (독산동),02-861-3007,0,1100,2000,,,N,,,2020.1.27 1:30,2020.3.25 17:28
KC200114,금천영재지역아동센터,1003,지역아동센터,11545,금천구,1003,초등학생,126.90451,37.44022,8653,서울특별시 금천구 시흥대로18길 16,3층 (시흥동),02-584-4967,0,1100,2000,1000,1900,Y,1000,1700,2020.1.27 1:30,2020.3.25 17:09
KC200112,비전지역아동센터,1003,지역아동센터,11545,금천구,1003,초등학생,126.90951,37.45301,8574,서울특별시 금천구 독산로22길 60, (시흥동),02-802-5655,0,1000,2200,,,N,,,2020.1.27 1:30,2020.3.25 17:23
KC200109,전진상지역아동센터,1003,지역아동센터,11545,금천구,1003,초등학생,126.91074,37.45258,8574,서울특별시 금천구 탑골로3가길 22, (시흥동),070-8839-9313,0,930,2100,,,N,,,2020.1.27 1:30,2020.3.25 17:42
KC200105,함사람지역아동센터,1003,지역아동센터,11545,금천구,1003,초등학생,126.9032,37.45486,8626,서울특별시 금천구 금하로11길 17, (시흥동),02-805-7283,0,1000,1900,,,N,,,2020.1.27 1:30,2020.2.5 11:06
KC200106,한별지역아동센터,1003,지역아동센터,11545,금천구,1003,초등학생,126.90664,37.46922,8556,서울특별시 금천구 독산로72길 86-11,2층 (독산동),02-3281-7791,0,1000,1900,,,N,,,2020.1.27 1:30,2020.2.4 16:02
KC200104,성원미디어스쿨지역아동센터,1003,지역아동센터,11545,금천구,1003,초등학생,126.90412,37.46864,8557,서울특별시 금천구 독산로74길 31, (독산동),02-858-9919,0,1100,2000,,,N,,,2020.1.27 1:30,2020.3.25 17:30
KC200103,한사랑지역아동센터,1003,지역아동센터,11545,금천구,1003,초등학생,126.90032,37.4499,8635,서울특별시 금천구 시흥대로47길 32, (시흥동),02-807-7277,0,1100,2000,,,Y,900,1700,2020.1.27 1:30,2020.2.5 10:47
GR200132,금강지역아동센터,1003,지역아동센터,11530,구로구,1003,초등학생,126.85562,37.50078,8233,서울특별시 구로구 고척로52길 98,2층(개봉동) (개봉동),02-6339-3675,0,1000,1900,,,N,,,2020.1.27 1:30,2020.3.9 14:06
GR200129,하모니지역아동센터,1003,지역아동센터,11530,구로구,1003,초등학생,126.85432,37.48872,8348,서울특별시 구로구 개봉로11길 28-15,1층(개봉동) (개봉동),02-2613-4483,0,1000,1900,,,Y,1000,1900,2020.1.27 1:30,2020.3.10 10:41
GN191007,LH 행복꿈터 열린마음 지역아동센터,1003,지역아동센터,11680,강남구,1003,초등학생,127.0913588,37.47074707,6374,서울특별시 강남구 자곡로3길 22,314동 1층 (자곡동 엘에이치강남3단지),02-3411-0981,0,1000,1900,1000,1900,N,,,2019.11.21 19:33,2020.3.13 11:17
GN191005,이웃사랑 일원지역아동센터,1003,지역아동센터,11680,강남구,1003,초등학생,127.0824,37.49436,6338,서울특별시 강남구 개포로 638,2층 (일원동),02-6081-2486,0,1100,2200,1100,2200,N,,,2019.11.21 19:33,2020.2.18 13:28
GN191006,강남지역아동센터,1003,지역아동센터,11680,강남구,1003,초등학생,127.04975,37.4783,6309,서울특별시 강남구 개포로28길 11,동양빌딩3층 강남지역아동센터 (개포동),02-577-7179,0,1000,1900,,,N,1000,1600,2019.11.21 19:33,2020.3.13 17:47